Method,Beta,Perf
FCNN-3,0.01,1.0
GNN-4,0.01,1.0
Greedy,0.01,0.9431
SCITE,0.01,1.0
FCNN-3,0.01,0.9599
GNN-4,0.01,0.989
Greedy,0.01,0.829
SCITE,0.01,1.0
FCNN-3,0.01,0.9787
GNN-4,0.01,1.0
Greedy,0.01,0.9787
SCITE,0.01,1.0
FCNN-3,0.01,0.9376
GNN-4,0.01,0.8179
Greedy,0.01,0.8379
SCITE,0.01,1.0
FCNN-3,0.01,1.0
GNN-4,0.01,1.0
Greedy,0.01,1.0
SCITE,0.01,1.0
FCNN-3,0.01,1.0
GNN-4,0.01,0.8558
Greedy,0.01,1.0
SCITE,0.01,1.0
FCNN-3,0.01,0.9402
GNN-4,0.01,1.0
Greedy,0.01,0.9402
SCITE,0.01,1.0
FCNN-3,0.01,0.7816
GNN-4,0.01,0.8849
Greedy,0.01,0.7816
SCITE,0.01,1.0
FCNN-3,0.01,0.7782
GNN-4,0.01,0.9551
Greedy,0.01,0.7547
SCITE,0.01,1.0
FCNN-3,0.01,1.0
GNN-4,0.01,0.9391
Greedy,0.01,0.9997
SCITE,0.01,1.0
FCNN-3,0.01,0.7342
GNN-4,0.01,0.622
Greedy,0.01,0.6424
SCITE,0.01,1.0
FCNN-3,0.01,0.6712
GNN-4,0.01,0.6712
Greedy,0.01,0.6712
SCITE,0.01,1.0
FCNN-3,0.01,1.0
GNN-4,0.01,0.9142
Greedy,0.01,1.0
SCITE,0.01,1.0
FCNN-3,0.01,0.8903
GNN-4,0.01,0.5321
Greedy,0.01,0.5935
SCITE,0.01,1.0
FCNN-3,0.01,1.0
GNN-4,0.01,0.9618
Greedy,0.01,0.991
SCITE,0.01,1.0
FCNN-3,0.01,1.0
GNN-4,0.01,0.951
Greedy,0.01,0.9726
SCITE,0.01,1.0
FCNN-3,0.01,1.0
GNN-4,0.01,1.0
Greedy,0.01,0.9329
SCITE,0.01,1.0
FCNN-3,0.01,1.0
GNN-4,0.01,1.0
Greedy,0.01,1.0
SCITE,0.01,1.0
FCNN-3,0.01,1.0
GNN-4,0.01,0.9346
Greedy,0.01,0.8464
SCITE,0.01,1.0
FCNN-3,0.01,0.9726
GNN-4,0.01,0.8105
Greedy,0.01,0.9726
SCITE,0.01,1.0
FCNN-3,0.01,1.0
GNN-4,0.01,0.8079
Greedy,0.01,0.9425
SCITE,0.01,1.0
FCNN-3,0.01,0.99
GNN-4,0.01,0.8066
Greedy,0.01,0.8433
SCITE,0.01,1.0
FCNN-3,0.01,1.0
GNN-4,0.01,1.0
Greedy,0.01,0.8033
SCITE,0.01,1.0
FCNN-3,0.01,0.9216
GNN-4,0.01,0.8192
Greedy,0.01,0.8602
SCITE,0.01,1.0
FCNN-3,0.01,1.0
GNN-4,0.01,1.0
Greedy,0.01,1.0
SCITE,0.01,1.0
FCNN-3,0.01,0.8694
GNN-4,0.01,0.8694
Greedy,0.01,0.8259
SCITE,0.01,1.0
FCNN-3,0.01,1.0
GNN-4,0.01,0.5708
Greedy,0.01,1.0
SCITE,0.01,1.0
FCNN-3,0.01,1.0
GNN-4,0.01,0.8818
Greedy,0.01,0.831
SCITE,0.01,1.0
FCNN-3,0.01,1.0
GNN-4,0.01,1.0
Greedy,0.01,1.0
SCITE,0.01,1.0
FCNN-3,0.01,1.0
GNN-4,0.01,0.7658
Greedy,0.01,0.9399
SCITE,0.01,1.0
FCNN-3,0.01,1.0
GNN-4,0.01,0.8447
Greedy,0.01,0.8447
SCITE,0.01,1.0
FCNN-3,0.01,1.0
GNN-4,0.01,1.0
Greedy,0.01,1.0
SCITE,0.01,1.0
FCNN-3,0.01,1.0
GNN-4,0.01,0.9581
Greedy,0.01,1.0
SCITE,0.01,1.0
FCNN-3,0.01,0.8072
GNN-4,0.01,0.8183
Greedy,0.01,0.6966
SCITE,0.01,1.0
FCNN-3,0.01,0.9331
GNN-4,0.01,0.6665
Greedy,0.01,0.8498
SCITE,0.01,1.0
FCNN-3,0.01,1.0
GNN-4,0.01,1.0
Greedy,0.01,0.9017
SCITE,0.01,1.0
FCNN-3,0.01,0.9926
GNN-4,0.01,0.6618
Greedy,0.01,0.9926
SCITE,0.01,1.0
FCNN-3,0.01,1.0
GNN-4,0.01,0.954
Greedy,0.01,0.9813
SCITE,0.01,1.0
FCNN-3,0.01,0.8694
GNN-4,0.01,0.8694
Greedy,0.01,0.8476
SCITE,0.01,1.0
FCNN-3,0.01,1.0
GNN-4,0.01,0.9795
Greedy,0.01,0.837
SCITE,0.01,1.0
FCNN-3,0.01,1.0
GNN-4,0.01,0.9402
Greedy,0.01,1.0
SCITE,0.01,1.0
FCNN-3,0.01,1.0
GNN-4,0.01,0.8542
Greedy,0.01,0.8698
SCITE,0.01,1.0
FCNN-3,0.01,0.9982
GNN-4,0.01,1.0
Greedy,0.01,0.9982
SCITE,0.01,1.0
FCNN-3,0.01,1.0
GNN-4,0.01,1.0
Greedy,0.01,0.9266
SCITE,0.01,1.0
FCNN-3,0.01,0.8309
GNN-4,0.01,0.8924
Greedy,0.01,0.8309
SCITE,0.01,1.0
FCNN-3,0.01,0.9974
GNN-4,0.01,0.7051
Greedy,0.01,0.8598
SCITE,0.01,1.0
FCNN-3,0.01,1.0
GNN-4,0.01,0.6391
Greedy,0.01,0.7418
SCITE,0.01,1.0
FCNN-3,0.01,1.0
GNN-4,0.01,0.9413
Greedy,0.01,0.887
SCITE,0.01,1.0
FCNN-3,0.01,1.0
GNN-4,0.01,1.0
Greedy,0.01,0.8656
SCITE,0.01,1.0
FCNN-3,0.01,0.9785
GNN-4,0.01,0.8806
Greedy,0.01,0.9785
SCITE,0.01,1.0
FCNN-3,0.01,1.0
GNN-4,0.01,0.8361
Greedy,0.01,1.0
SCITE,0.01,1.0
FCNN-3,0.01,0.9962
GNN-4,0.01,1.0
Greedy,0.01,0.8949
SCITE,0.01,1.0
FCNN-3,0.01,1.0
GNN-4,0.01,1.0
Greedy,0.01,0.9931
SCITE,0.01,1.0
FCNN-3,0.01,0.9716
GNN-4,0.01,0.7287
Greedy,0.01,0.8693
SCITE,0.01,1.0
FCNN-3,0.01,1.0
GNN-4,0.01,0.7576
Greedy,0.01,0.8548
SCITE,0.01,1.0
FCNN-3,0.01,1.0
GNN-4,0.01,0.9953
Greedy,0.01,0.873
SCITE,0.01,1.0
FCNN-3,0.01,0.7804
GNN-4,0.01,0.9364
Greedy,0.01,0.7804
SCITE,0.01,1.0
FCNN-3,0.01,0.9252
GNN-4,0.01,0.9913
Greedy,0.01,0.8096
SCITE,0.01,1.0
FCNN-3,0.01,1.0
GNN-4,0.01,1.0
Greedy,0.01,1.0
SCITE,0.01,1.0
FCNN-3,0.01,1.0
GNN-4,0.01,0.3215
Greedy,0.01,0.846
SCITE,0.01,1.0
FCNN-3,0.01,1.0
GNN-4,0.01,0.918
Greedy,0.01,1.0
SCITE,0.01,1.0
FCNN-3,0.01,1.0
GNN-4,0.01,1.0
Greedy,0.01,0.9503
SCITE,0.01,1.0
FCNN-3,0.01,0.9629
GNN-4,0.01,0.264
Greedy,0.01,0.8387
SCITE,0.01,1.0
FCNN-3,0.01,1.0
GNN-4,0.01,1.0
Greedy,0.01,0.9932
SCITE,0.01,1.0
FCNN-3,0.01,0.8049
GNN-4,0.01,0.7524
Greedy,0.01,0.8049
SCITE,0.01,1.0
FCNN-3,0.01,0.9953
GNN-4,0.01,1.0
Greedy,0.01,0.9953
SCITE,0.01,1.0
FCNN-3,0.01,1.0
GNN-4,0.01,0.9803
Greedy,0.01,0.8962
SCITE,0.01,1.0
FCNN-3,0.01,0.8257
GNN-4,0.01,0.8934
Greedy,0.01,0.8257
SCITE,0.01,1.0
FCNN-3,0.01,1.0
GNN-4,0.01,1.0
Greedy,0.01,1.0
SCITE,0.01,1.0
FCNN-3,0.01,0.7393
GNN-4,0.01,0.5489
Greedy,0.01,0.6609
SCITE,0.01,1.0
FCNN-3,0.01,0.922
GNN-4,0.01,0.5651
Greedy,0.01,0.803
SCITE,0.01,1.0
FCNN-3,0.01,1.0
GNN-4,0.01,0.5468
Greedy,0.01,1.0
SCITE,0.01,1.0
FCNN-3,0.01,0.8685
GNN-4,0.01,0.8685
Greedy,0.01,0.728
SCITE,0.01,1.0
FCNN-3,0.01,1.0
GNN-4,0.01,1.0
Greedy,0.01,1.0
SCITE,0.01,1.0
FCNN-3,0.01,1.0
GNN-4,0.01,1.0
Greedy,0.01,1.0
SCITE,0.01,1.0
FCNN-3,0.01,1.0
GNN-4,0.01,0.921
Greedy,0.01,1.0
SCITE,0.01,1.0
FCNN-3,0.01,0.878
GNN-4,0.01,0.8623
Greedy,0.01,0.878
SCITE,0.01,1.0
FCNN-3,0.01,1.0
GNN-4,0.01,1.0
Greedy,0.01,0.9893
SCITE,0.01,1.0
FCNN-3,0.01,0.7792
GNN-4,0.01,0.59
Greedy,0.01,0.8015
SCITE,0.01,1.0
FCNN-3,0.01,1.0
GNN-4,0.01,0.9867
Greedy,0.01,0.9287
SCITE,0.01,1.0
FCNN-3,0.01,1.0
GNN-4,0.01,0.8798
Greedy,0.01,0.8934
SCITE,0.01,1.0
FCNN-3,0.01,0.8575
GNN-4,0.01,0.6801
Greedy,0.01,0.754
SCITE,0.01,1.0
FCNN-3,0.01,1.0
GNN-4,0.01,1.0
Greedy,0.01,1.0
SCITE,0.01,1.0
FCNN-3,0.01,1.0
GNN-4,0.01,0.6487
Greedy,0.01,0.9842
SCITE,0.01,1.0
FCNN-3,0.01,0.7694
GNN-4,0.01,0.9758
Greedy,0.01,0.7694
SCITE,0.01,1.0
FCNN-3,0.01,1.0
GNN-4,0.01,1.0
Greedy,0.01,0.846
SCITE,0.01,1.0
FCNN-3,0.01,1.0
GNN-4,0.01,0.8325
Greedy,0.01,0.7805
SCITE,0.01,1.0
FCNN-3,0.01,0.8972
GNN-4,0.01,0.9901
Greedy,0.01,0.7735
SCITE,0.01,1.0
FCNN-3,0.01,0.9642
GNN-4,0.01,0.8099
Greedy,0.01,0.7457
SCITE,0.01,1.0
FCNN-3,0.01,0.9147
GNN-4,0.01,0.9964
Greedy,0.01,0.8657
SCITE,0.01,1.0
FCNN-3,0.01,0.7233
GNN-4,0.01,0.7145
Greedy,0.01,0.7233
SCITE,0.01,1.0
FCNN-3,0.01,1.0
GNN-4,0.01,0.981
Greedy,0.01,0.8949
SCITE,0.01,1.0
FCNN-3,0.01,1.0
GNN-4,0.01,0.8336
Greedy,0.01,0.7939
SCITE,0.01,1.0
FCNN-3,0.01,1.0
GNN-4,0.01,0.8171
Greedy,0.01,1.0
SCITE,0.01,1.0
FCNN-3,0.01,0.9496
GNN-4,0.01,0.8776
Greedy,0.01,0.7338
SCITE,0.01,1.0
FCNN-3,0.01,0.9591
GNN-4,0.01,0.8739
Greedy,0.01,0.8312
SCITE,0.01,1.0
FCNN-3,0.01,0.9114
GNN-4,0.01,0.9732
Greedy,0.01,0.7878
SCITE,0.01,1.0
FCNN-3,0.01,0.8617
GNN-4,0.01,1.0
Greedy,0.01,0.754
SCITE,0.01,1.0
FCNN-3,0.01,1.0
GNN-4,0.01,0.959
Greedy,0.01,1.0
SCITE,0.01,1.0
FCNN-3,0.01,0.9508
GNN-4,0.01,0.9508
Greedy,0.01,0.8693
SCITE,0.01,1.0
FCNN-3,0.1,1.0
GNN-4,0.1,1.0
Greedy,0.1,0.9437
SCITE,0.1,1.0
FCNN-3,0.1,0.9468
GNN-4,0.1,0.9541
Greedy,0.1,0.9027
SCITE,0.1,1.0
FCNN-3,0.1,0.9922
GNN-4,0.1,1.0
Greedy,0.1,1.0
SCITE,0.1,1.0
FCNN-3,0.1,0.9511
GNN-4,0.1,1.0
Greedy,0.1,0.8938
SCITE,0.1,1.0
FCNN-3,0.1,0.9027
GNN-4,0.1,0.8798
Greedy,0.1,0.7349
SCITE,0.1,1.0
FCNN-3,0.1,1.0
GNN-4,0.1,0.9871
Greedy,0.1,0.9197
SCITE,0.1,1.0
FCNN-3,0.1,1.0
GNN-4,0.1,1.0
Greedy,0.1,0.8939
SCITE,0.1,1.0
FCNN-3,0.1,0.9556
GNN-4,0.1,1.0
Greedy,0.1,0.863
SCITE,0.1,1.0
FCNN-3,0.1,0.9556
GNN-4,0.1,0.9363
Greedy,0.1,0.9366
SCITE,0.1,1.0
FCNN-3,0.1,1.0
GNN-4,0.1,0.8613
Greedy,0.1,1.0
SCITE,0.1,1.0
FCNN-3,0.1,1.0
GNN-4,0.1,1.0
Greedy,0.1,1.0
SCITE,0.1,1.0
FCNN-3,0.1,1.0
GNN-4,0.1,0.9071
Greedy,0.1,0.8499
SCITE,0.1,1.0
FCNN-3,0.1,0.8414
GNN-4,0.1,0.8975
Greedy,0.1,0.7121
SCITE,0.1,1.0
FCNN-3,0.1,1.0
GNN-4,0.1,0.941
Greedy,0.1,0.7677
SCITE,0.1,1.0
FCNN-3,0.1,0.998
GNN-4,0.1,1.0
Greedy,0.1,0.9254
SCITE,0.1,1.0
FCNN-3,0.1,0.971
GNN-4,0.1,0.7311
Greedy,0.1,0.971
SCITE,0.1,1.0
FCNN-3,0.1,0.7589
GNN-4,0.1,0.6474
Greedy,0.1,0.7591
SCITE,0.1,1.0
FCNN-3,0.1,1.0
GNN-4,0.1,0.8491
Greedy,0.1,1.0
SCITE,0.1,1.0
FCNN-3,0.1,0.9174
GNN-4,0.1,0.9702
Greedy,0.1,0.9174
SCITE,0.1,1.0
FCNN-3,0.1,1.0
GNN-4,0.1,0.9982
Greedy,0.1,1.0
SCITE,0.1,1.0
FCNN-3,0.1,1.0
GNN-4,0.1,1.0
Greedy,0.1,1.0
SCITE,0.1,1.0
FCNN-3,0.1,0.9639
GNN-4,0.1,1.0
Greedy,0.1,0.8465
SCITE,0.1,1.0
FCNN-3,0.1,1.0
GNN-4,0.1,1.0
Greedy,0.1,0.8827
SCITE,0.1,1.0
FCNN-3,0.1,1.0
GNN-4,0.1,0.8726
Greedy,0.1,0.9353
SCITE,0.1,1.0
FCNN-3,0.1,1.0
GNN-4,0.1,0.8958
Greedy,0.1,0.8698
SCITE,0.1,1.0
FCNN-3,0.1,0.8965
GNN-4,0.1,0.9554
Greedy,0.1,0.9404
SCITE,0.1,1.0
FCNN-3,0.1,0.9011
GNN-4,0.1,0.7104
Greedy,0.1,0.7976
SCITE,0.1,1.0
FCNN-3,0.1,0.8456
GNN-4,0.1,0.8713
Greedy,0.1,0.8043
SCITE,0.1,1.0
FCNN-3,0.1,1.0
GNN-4,0.1,0.8427
Greedy,0.1,0.9556
SCITE,0.1,1.0
FCNN-3,0.1,1.0
GNN-4,0.1,0.9556
Greedy,0.1,1.0
SCITE,0.1,1.0
FCNN-3,0.1,0.9689
GNN-4,0.1,1.0
Greedy,0.1,0.9485
SCITE,0.1,1.0
FCNN-3,0.1,1.0
GNN-4,0.1,0.9763
Greedy,0.1,0.9474
SCITE,0.1,1.0
FCNN-3,0.1,1.0
GNN-4,0.1,1.0
Greedy,0.1,0.9851
SCITE,0.1,1.0
FCNN-3,0.1,0.9022
GNN-4,0.1,0.9006
Greedy,0.1,0.9022
SCITE,0.1,1.0
FCNN-3,0.1,1.0
GNN-4,0.1,0.9804
Greedy,0.1,1.0
SCITE,0.1,1.0
FCNN-3,0.1,1.0
GNN-4,0.1,1.0
Greedy,0.1,0.9612
SCITE,0.1,1.0
FCNN-3,0.1,0.9627
GNN-4,0.1,1.0
Greedy,0.1,0.9627
SCITE,0.1,1.0
FCNN-3,0.1,1.0
GNN-4,0.1,1.0
Greedy,0.1,1.0
SCITE,0.1,1.0
FCNN-3,0.1,1.0
GNN-4,0.1,1.0
Greedy,0.1,0.9257
SCITE,0.1,1.0
FCNN-3,0.1,0.9178
GNN-4,0.1,1.0
Greedy,0.1,0.7844
SCITE,0.1,1.0
FCNN-3,0.1,1.0
GNN-4,0.1,1.0
Greedy,0.1,1.0
SCITE,0.1,1.0
FCNN-3,0.1,0.9974
GNN-4,0.1,0.9438
Greedy,0.1,0.9974
SCITE,0.1,1.0
FCNN-3,0.1,0.9979
GNN-4,0.1,0.8654
Greedy,0.1,0.9242
SCITE,0.1,1.0
FCNN-3,0.1,0.835
GNN-4,0.1,0.8018
Greedy,0.1,0.835
SCITE,0.1,1.0
FCNN-3,0.1,0.796
GNN-4,0.1,0.7963
Greedy,0.1,0.796
SCITE,0.1,1.0
FCNN-3,0.1,0.9406
GNN-4,0.1,0.9879
Greedy,0.1,0.952
SCITE,0.1,1.0
FCNN-3,0.1,0.9127
GNN-4,0.1,0.7883
Greedy,0.1,0.7177
SCITE,0.1,1.0
FCNN-3,0.1,0.8446
GNN-4,0.1,1.0
Greedy,0.1,0.8221
SCITE,0.1,1.0
FCNN-3,0.1,1.0
GNN-4,0.1,1.0
Greedy,0.1,1.0
SCITE,0.1,1.0
FCNN-3,0.1,0.8776
GNN-4,0.1,0.9074
Greedy,0.1,0.898
SCITE,0.1,1.0
FCNN-3,0.1,1.0
GNN-4,0.1,0.9373
Greedy,0.1,0.9521
SCITE,0.1,1.0
FCNN-3,0.1,1.0
GNN-4,0.1,1.0
Greedy,0.1,0.9889
SCITE,0.1,1.0
FCNN-3,0.1,0.961
GNN-4,0.1,0.9164
Greedy,0.1,0.8553
SCITE,0.1,1.0
FCNN-3,0.1,1.0
GNN-4,0.1,1.0
Greedy,0.1,1.0
SCITE,0.1,1.0
FCNN-3,0.1,0.9787
GNN-4,0.1,1.0
Greedy,0.1,0.9787
SCITE,0.1,1.0
FCNN-3,0.1,0.9485
GNN-4,0.1,0.9782
Greedy,0.1,0.8527
SCITE,0.1,1.0
FCNN-3,0.1,1.0
GNN-4,0.1,0.9206
Greedy,0.1,0.952
SCITE,0.1,1.0
FCNN-3,0.1,1.0
GNN-4,0.1,1.0
Greedy,0.1,1.0
SCITE,0.1,1.0
FCNN-3,0.1,1.0
GNN-4,0.1,1.0
Greedy,0.1,1.0
SCITE,0.1,1.0
FCNN-3,0.1,0.798
GNN-4,0.1,0.7101
Greedy,0.1,0.7601
SCITE,0.1,1.0
FCNN-3,0.1,1.0
GNN-4,0.1,0.8678
Greedy,0.1,0.8143
SCITE,0.1,1.0
FCNN-3,0.1,1.0
GNN-4,0.1,1.0
Greedy,0.1,1.0
SCITE,0.1,1.0
FCNN-3,0.1,0.8743
GNN-4,0.1,0.9442
Greedy,0.1,0.902
SCITE,0.1,1.0
FCNN-3,0.1,0.8864
GNN-4,0.1,0.8955
Greedy,0.1,0.7799
SCITE,0.1,1.0
FCNN-3,0.1,1.0
GNN-4,0.1,0.9173
Greedy,0.1,0.8861
SCITE,0.1,1.0
FCNN-3,0.1,1.0
GNN-4,0.1,0.8329
Greedy,0.1,1.0
SCITE,0.1,1.0
FCNN-3,0.1,1.0
GNN-4,0.1,1.0
Greedy,0.1,1.0
SCITE,0.1,1.0
FCNN-3,0.1,0.9919
GNN-4,0.1,1.0
Greedy,0.1,0.8457
SCITE,0.1,1.0
FCNN-3,0.1,0.9634
GNN-4,0.1,0.9358
Greedy,0.1,0.9634
SCITE,0.1,1.0
FCNN-3,0.1,0.8433
GNN-4,0.1,1.0
Greedy,0.1,0.8433
SCITE,0.1,1.0
FCNN-3,0.1,0.9793
GNN-4,0.1,0.6856
Greedy,0.1,0.7404
SCITE,0.1,1.0
FCNN-3,0.1,0.8602
GNN-4,0.1,1.0
Greedy,0.1,0.7982
SCITE,0.1,1.0
FCNN-3,0.1,0.9876
GNN-4,0.1,0.999
Greedy,0.1,0.9432
SCITE,0.1,1.0
FCNN-3,0.1,0.9753
GNN-4,0.1,0.6169
Greedy,0.1,0.8953
SCITE,0.1,1.0
FCNN-3,0.1,0.9681
GNN-4,0.1,0.6101
Greedy,0.1,0.8758
SCITE,0.1,1.0
FCNN-3,0.1,1.0
GNN-4,0.1,0.9323
Greedy,0.1,1.0
SCITE,0.1,1.0
FCNN-3,0.1,1.0
GNN-4,0.1,1.0
Greedy,0.1,0.9702
SCITE,0.1,1.0
FCNN-3,0.1,0.9696
GNN-4,0.1,0.916
Greedy,0.1,0.8293
SCITE,0.1,1.0
FCNN-3,0.1,0.9344
GNN-4,0.1,0.9562
Greedy,0.1,0.9344
SCITE,0.1,1.0
FCNN-3,0.1,0.9639
GNN-4,0.1,1.0
Greedy,0.1,0.9639
SCITE,0.1,1.0
FCNN-3,0.1,1.0
GNN-4,0.1,0.9612
Greedy,0.1,1.0
SCITE,0.1,1.0
FCNN-3,0.1,0.9493
GNN-4,0.1,1.0
Greedy,0.1,0.9493
SCITE,0.1,1.0
FCNN-3,0.1,0.8865
GNN-4,0.1,0.9812
Greedy,0.1,0.7514
SCITE,0.1,1.0
FCNN-3,0.1,1.0
GNN-4,0.1,0.6823
Greedy,0.1,0.9929
SCITE,0.1,1.0
FCNN-3,0.1,0.8967
GNN-4,0.1,1.0
Greedy,0.1,0.9939
SCITE,0.1,1.0
FCNN-3,0.1,0.9328
GNN-4,0.1,0.9917
Greedy,0.1,0.8839
SCITE,0.1,1.0
FCNN-3,0.1,1.0
GNN-4,0.1,0.7632
Greedy,0.1,0.786
SCITE,0.1,1.0
FCNN-3,0.1,0.7559
GNN-4,0.1,0.7795
Greedy,0.1,0.7933
SCITE,0.1,1.0
FCNN-3,0.1,1.0
GNN-4,0.1,1.0
Greedy,0.1,1.0
SCITE,0.1,1.0
FCNN-3,0.1,1.0
GNN-4,0.1,0.9104
Greedy,0.1,0.9945
SCITE,0.1,1.0
FCNN-3,0.1,1.0
GNN-4,0.1,0.9879
Greedy,0.1,0.8681
SCITE,0.1,1.0
FCNN-3,0.1,1.0
GNN-4,0.1,1.0
Greedy,0.1,1.0
SCITE,0.1,1.0
FCNN-3,0.1,1.0
GNN-4,0.1,1.0
Greedy,0.1,0.8411
SCITE,0.1,1.0
FCNN-3,0.1,1.0
GNN-4,0.1,0.9543
Greedy,0.1,0.913
SCITE,0.1,1.0
FCNN-3,0.1,0.9242
GNN-4,0.1,1.0
Greedy,0.1,0.9242
SCITE,0.1,1.0
FCNN-3,0.1,1.0
GNN-4,0.1,1.0
Greedy,0.1,1.0
SCITE,0.1,1.0
FCNN-3,0.1,0.9453
GNN-4,0.1,0.978
Greedy,0.1,0.9453
SCITE,0.1,1.0
FCNN-3,0.1,0.9652
GNN-4,0.1,1.0
Greedy,0.1,0.9652
SCITE,0.1,1.0
FCNN-3,0.1,1.0
GNN-4,0.1,1.0
Greedy,0.1,1.0
SCITE,0.1,1.0
FCNN-3,0.1,1.0
GNN-4,0.1,1.0
Greedy,0.1,0.9252
SCITE,0.1,1.0
FCNN-3,0.2,1.0
GNN-4,0.2,0.9773
Greedy,0.2,0.9978
SCITE,0.2,1.0
FCNN-3,0.2,1.0
GNN-4,0.2,0.7849
Greedy,0.2,0.7006
SCITE,0.2,1.0
FCNN-3,0.2,1.0
GNN-4,0.2,0.9853
Greedy,0.2,0.8398
SCITE,0.2,1.0
FCNN-3,0.2,1.0
GNN-4,0.2,1.0
Greedy,0.2,1.0
SCITE,0.2,1.0
FCNN-3,0.2,1.0
GNN-4,0.2,1.0
Greedy,0.2,1.0
SCITE,0.2,1.0
FCNN-3,0.2,1.0
GNN-4,0.2,0.9008
Greedy,0.2,1.0
SCITE,0.2,1.0
FCNN-3,0.2,1.0
GNN-4,0.2,1.0
Greedy,0.2,1.0
SCITE,0.2,1.0
FCNN-3,0.2,0.9584
GNN-4,0.2,0.9749
Greedy,0.2,0.9971
SCITE,0.2,1.0
FCNN-3,0.2,0.937
GNN-4,0.2,0.885
Greedy,0.2,1.0
SCITE,0.2,1.0
FCNN-3,0.2,1.0
GNN-4,0.2,0.9805
Greedy,0.2,0.9805
SCITE,0.2,1.0
FCNN-3,0.2,0.9328
GNN-4,0.2,1.0
Greedy,0.2,0.9451
SCITE,0.2,1.0
FCNN-3,0.2,0.9901
GNN-4,0.2,1.0
Greedy,0.2,0.9901
SCITE,0.2,1.0
FCNN-3,0.2,0.9583
GNN-4,0.2,0.9316
Greedy,0.2,0.8039
SCITE,0.2,1.0
FCNN-3,0.2,0.9686
GNN-4,0.2,1.0
Greedy,0.2,0.9457
SCITE,0.2,1.0
FCNN-3,0.2,1.0
GNN-4,0.2,1.0
Greedy,0.2,1.0
SCITE,0.2,1.0
FCNN-3,0.2,1.0
GNN-4,0.2,0.9279
Greedy,0.2,0.9472
SCITE,0.2,1.0
FCNN-3,0.2,0.9736
GNN-4,0.2,0.6974
Greedy,0.2,0.9346
SCITE,0.2,1.0
FCNN-3,0.2,1.0
GNN-4,0.2,1.0
Greedy,0.2,0.9565
SCITE,0.2,1.0
FCNN-3,0.2,1.0
GNN-4,0.2,0.8741
Greedy,0.2,1.0
SCITE,0.2,1.0
FCNN-3,0.2,1.0
GNN-4,0.2,1.0
Greedy,0.2,1.0
SCITE,0.2,1.0
FCNN-3,0.2,0.9892
GNN-4,0.2,0.9638
Greedy,0.2,0.9892
SCITE,0.2,1.0
FCNN-3,0.2,1.0
GNN-4,0.2,0.9905
Greedy,0.2,1.0
SCITE,0.2,1.0
FCNN-3,0.2,1.0
GNN-4,0.2,1.0
Greedy,0.2,0.8216
SCITE,0.2,1.0
FCNN-3,0.2,1.0
GNN-4,0.2,1.0
Greedy,0.2,1.0
SCITE,0.2,1.0
FCNN-3,0.2,1.0
GNN-4,0.2,1.0
Greedy,0.2,1.0
SCITE,0.2,1.0
FCNN-3,0.2,1.0
GNN-4,0.2,1.0
Greedy,0.2,1.0
SCITE,0.2,1.0
FCNN-3,0.2,1.0
GNN-4,0.2,1.0
Greedy,0.2,0.8895
SCITE,0.2,1.0
FCNN-3,0.2,0.9851
GNN-4,0.2,0.9179
Greedy,0.2,0.8959
SCITE,0.2,1.0
FCNN-3,0.2,1.0
GNN-4,0.2,1.0
Greedy,0.2,1.0
SCITE,0.2,1.0
FCNN-3,0.2,0.7681
GNN-4,0.2,0.7683
Greedy,0.2,0.7681
SCITE,0.2,1.0
FCNN-3,0.2,1.0
GNN-4,0.2,1.0
Greedy,0.2,0.9322
SCITE,0.2,1.0
FCNN-3,0.2,1.0
GNN-4,0.2,0.9822
Greedy,0.2,0.9691
SCITE,0.2,1.0
FCNN-3,0.2,1.0
GNN-4,0.2,1.0
Greedy,0.2,1.0
SCITE,0.2,1.0
FCNN-3,0.2,1.0
GNN-4,0.2,1.0
Greedy,0.2,1.0
SCITE,0.2,1.0
FCNN-3,0.2,1.0
GNN-4,0.2,0.9958
Greedy,0.2,1.0
SCITE,0.2,1.0
FCNN-3,0.2,1.0
GNN-4,0.2,1.0
Greedy,0.2,1.0
SCITE,0.2,1.0
FCNN-3,0.2,1.0
GNN-4,0.2,0.9801
Greedy,0.2,0.9801
SCITE,0.2,1.0
FCNN-3,0.2,0.9533
GNN-4,0.2,0.6454
Greedy,0.2,0.9169
SCITE,0.2,1.0
FCNN-3,0.2,0.9725
GNN-4,0.2,1.0
Greedy,0.2,0.9725
SCITE,0.2,1.0
FCNN-3,0.2,1.0
GNN-4,0.2,0.7692
Greedy,0.2,1.0
SCITE,0.2,1.0
FCNN-3,0.2,1.0
GNN-4,0.2,0.9711
Greedy,0.2,1.0
SCITE,0.2,1.0
FCNN-3,0.2,0.9552
GNN-4,0.2,0.9199
Greedy,0.2,0.9037
SCITE,0.2,1.0
FCNN-3,0.2,1.0
GNN-4,0.2,0.9897
Greedy,0.2,0.8788
SCITE,0.2,1.0
FCNN-3,0.2,1.0
GNN-4,0.2,0.964
Greedy,0.2,0.9117
SCITE,0.2,1.0
FCNN-3,0.2,0.977
GNN-4,0.2,0.9373
Greedy,0.2,0.9165
SCITE,0.2,1.0
FCNN-3,0.2,0.9291
GNN-4,0.2,0.9096
Greedy,0.2,0.9291
SCITE,0.2,1.0
FCNN-3,0.2,1.0
GNN-4,0.2,1.0
Greedy,0.2,1.0
SCITE,0.2,1.0
FCNN-3,0.2,0.8971
GNN-4,0.2,0.9239
Greedy,0.2,0.7802
SCITE,0.2,1.0
FCNN-3,0.2,0.8948
GNN-4,0.2,0.8984
Greedy,0.2,0.792
SCITE,0.2,1.0
FCNN-3,0.2,0.9762
GNN-4,0.2,1.0
Greedy,0.2,0.9762
SCITE,0.2,1.0
FCNN-3,0.2,1.0
GNN-4,0.2,0.9654
Greedy,0.2,1.0
SCITE,0.2,1.0
FCNN-3,0.2,0.9815
GNN-4,0.2,0.9787
Greedy,0.2,0.9815
SCITE,0.2,1.0
FCNN-3,0.2,1.0
GNN-4,0.2,0.9757
Greedy,0.2,0.9562
SCITE,0.2,1.0
FCNN-3,0.2,0.8883
GNN-4,0.2,0.7542
Greedy,0.2,0.7877
SCITE,0.2,1.0
FCNN-3,0.2,1.0
GNN-4,0.2,1.0
Greedy,0.2,0.9855
SCITE,0.2,1.0
FCNN-3,0.2,0.8981
GNN-4,0.2,1.0
Greedy,0.2,0.8981
SCITE,0.2,1.0
FCNN-3,0.2,1.0
GNN-4,0.2,0.9046
Greedy,0.2,0.9604
SCITE,0.2,1.0
FCNN-3,0.2,1.0
GNN-4,0.2,1.0
Greedy,0.2,0.9542
SCITE,0.2,1.0
FCNN-3,0.2,1.0
GNN-4,0.2,0.9353
Greedy,0.2,1.0
SCITE,0.2,1.0
FCNN-3,0.2,0.9049
GNN-4,0.2,0.9789
Greedy,0.2,0.726
SCITE,0.2,1.0
FCNN-3,0.2,1.0
GNN-4,0.2,0.9611
Greedy,0.2,0.9727
SCITE,0.2,1.0
FCNN-3,0.2,1.0
GNN-4,0.2,0.8812
Greedy,0.2,1.0
SCITE,0.2,1.0
FCNN-3,0.2,0.9882
GNN-4,0.2,0.8127
Greedy,0.2,0.9882
SCITE,0.2,1.0
FCNN-3,0.2,0.9282
GNN-4,0.2,1.0
Greedy,0.2,0.7671
SCITE,0.2,1.0
FCNN-3,0.2,1.0
GNN-4,0.2,1.0
Greedy,0.2,1.0
SCITE,0.2,1.0
FCNN-3,0.2,1.0
GNN-4,0.2,1.0
Greedy,0.2,1.0
SCITE,0.2,1.0
FCNN-3,0.2,1.0
GNN-4,0.2,1.0
Greedy,0.2,1.0
SCITE,0.2,1.0
FCNN-3,0.2,0.8566
GNN-4,0.2,0.9836
Greedy,0.2,0.8307
SCITE,0.2,1.0
FCNN-3,0.2,1.0
GNN-4,0.2,1.0
Greedy,0.2,0.9717
SCITE,0.2,1.0
FCNN-3,0.2,1.0
GNN-4,0.2,1.0
Greedy,0.2,0.985
SCITE,0.2,1.0
FCNN-3,0.2,0.8616
GNN-4,0.2,0.9102
Greedy,0.2,0.7707
SCITE,0.2,1.0
FCNN-3,0.2,1.0
GNN-4,0.2,1.0
Greedy,0.2,1.0
SCITE,0.2,1.0
FCNN-3,0.2,0.989
GNN-4,0.2,0.9612
Greedy,0.2,0.989
SCITE,0.2,1.0
FCNN-3,0.2,0.8959
GNN-4,0.2,0.9007
Greedy,0.2,0.7663
SCITE,0.2,1.0
FCNN-3,0.2,1.0
GNN-4,0.2,0.9836
Greedy,0.2,0.9228
SCITE,0.2,1.0
FCNN-3,0.2,0.9282
GNN-4,0.2,1.0
Greedy,0.2,0.9555
SCITE,0.2,1.0
FCNN-3,0.2,0.8344
GNN-4,0.2,0.8344
Greedy,0.2,0.8344
SCITE,0.2,1.0
FCNN-3,0.2,1.0
GNN-4,0.2,1.0
Greedy,0.2,0.9363
SCITE,0.2,1.0
FCNN-3,0.2,1.0
GNN-4,0.2,0.9763
Greedy,0.2,0.9351
SCITE,0.2,1.0
FCNN-3,0.2,0.9472
GNN-4,0.2,0.9065
Greedy,0.2,0.8275
SCITE,0.2,1.0
FCNN-3,0.2,1.0
GNN-4,0.2,0.9724
Greedy,0.2,1.0
SCITE,0.2,1.0
FCNN-3,0.2,1.0
GNN-4,0.2,0.9894
Greedy,0.2,0.8939
SCITE,0.2,1.0
FCNN-3,0.2,1.0
GNN-4,0.2,0.8853
Greedy,0.2,0.846
SCITE,0.2,1.0
FCNN-3,0.2,1.0
GNN-4,0.2,0.9822
Greedy,0.2,1.0
SCITE,0.2,1.0
FCNN-3,0.2,0.9135
GNN-4,0.2,0.8092
Greedy,0.2,0.9135
SCITE,0.2,1.0
FCNN-3,0.2,1.0
GNN-4,0.2,1.0
Greedy,0.2,1.0
SCITE,0.2,1.0
FCNN-3,0.2,1.0
GNN-4,0.2,1.0
Greedy,0.2,1.0
SCITE,0.2,1.0
FCNN-3,0.2,1.0
GNN-4,0.2,1.0
Greedy,0.2,1.0
SCITE,0.2,1.0
FCNN-3,0.2,0.9919
GNN-4,0.2,0.9919
Greedy,0.2,0.9919
SCITE,0.2,1.0
FCNN-3,0.2,0.8271
GNN-4,0.2,0.6114
Greedy,0.2,0.7307
SCITE,0.2,1.0
FCNN-3,0.2,0.9008
GNN-4,0.2,0.729
Greedy,0.2,0.7994
SCITE,0.2,1.0
FCNN-3,0.2,0.9863
GNN-4,0.2,0.779
Greedy,0.2,0.9863
SCITE,0.2,1.0
FCNN-3,0.2,0.8456
GNN-4,0.2,0.9483
Greedy,0.2,0.8456
SCITE,0.2,1.0
FCNN-3,0.2,1.0
GNN-4,0.2,1.0
Greedy,0.2,1.0
SCITE,0.2,1.0
FCNN-3,0.2,0.9687
GNN-4,0.2,1.0
Greedy,0.2,0.9687
SCITE,0.2,1.0
FCNN-3,0.2,1.0
GNN-4,0.2,0.9655
Greedy,0.2,0.8273
SCITE,0.2,1.0
FCNN-3,0.2,0.9156
GNN-4,0.2,0.9451
Greedy,0.2,0.9156
SCITE,0.2,1.0
FCNN-3,0.2,1.0
GNN-4,0.2,1.0
Greedy,0.2,1.0
SCITE,0.2,1.0
FCNN-3,0.2,0.9541
GNN-4,0.2,0.9806
Greedy,0.2,0.9541
SCITE,0.2,1.0
FCNN-3,0.2,0.9452
GNN-4,0.2,0.8891
Greedy,0.2,0.9109
SCITE,0.2,1.0
FCNN-3,0.3,0.9876
GNN-4,0.3,0.9876
Greedy,0.3,0.8995
SCITE,0.3,0.9901
FCNN-3,0.3,1.0
GNN-4,0.3,1.0
Greedy,0.3,1.0
SCITE,0.3,1.0
FCNN-3,0.3,1.0
GNN-4,0.3,1.0
Greedy,0.3,1.0
SCITE,0.3,1.0
FCNN-3,0.3,0.9652
GNN-4,0.3,0.8579
Greedy,0.3,0.8763
SCITE,0.3,0.9949
FCNN-3,0.3,1.0
GNN-4,0.3,1.0
Greedy,0.3,0.8552
SCITE,0.3,1.0
FCNN-3,0.3,1.0
GNN-4,0.3,0.9218
Greedy,0.3,0.9836
SCITE,0.3,1.0
FCNN-3,0.3,0.9246
GNN-4,0.3,0.9404
Greedy,0.3,0.7169
SCITE,0.3,1.0
FCNN-3,0.3,0.9703
GNN-4,0.3,0.9807
Greedy,0.3,0.9968
SCITE,0.3,1.0
FCNN-3,0.3,1.0
GNN-4,0.3,0.9657
Greedy,0.3,1.0
SCITE,0.3,1.0
FCNN-3,0.3,0.9638
GNN-4,0.3,1.0
Greedy,0.3,0.9524
SCITE,0.3,1.0
FCNN-3,0.3,0.9577
GNN-4,0.3,0.989
Greedy,0.3,0.9089
SCITE,0.3,1.0
FCNN-3,0.3,0.9799
GNN-4,0.3,0.9481
Greedy,0.3,0.9799
SCITE,0.3,0.9727
FCNN-3,0.3,1.0
GNN-4,0.3,0.9781
Greedy,0.3,0.9721
SCITE,0.3,1.0
FCNN-3,0.3,0.9967
GNN-4,0.3,0.7912
Greedy,0.3,0.8804
SCITE,0.3,1.0
FCNN-3,0.3,1.0
GNN-4,0.3,0.9313
Greedy,0.3,0.8309
SCITE,0.3,1.0
FCNN-3,0.3,0.915
GNN-4,0.3,0.9339
Greedy,0.3,0.915
SCITE,0.3,0.9946
FCNN-3,0.3,1.0
GNN-4,0.3,0.8452
Greedy,0.3,1.0
SCITE,0.3,1.0
FCNN-3,0.3,1.0
GNN-4,0.3,1.0
Greedy,0.3,1.0
SCITE,0.3,1.0
FCNN-3,0.3,0.9894
GNN-4,0.3,0.9482
Greedy,0.3,0.9233
SCITE,0.3,1.0
FCNN-3,0.3,0.8142
GNN-4,0.3,0.9941
Greedy,0.3,0.9045
SCITE,0.3,1.0
FCNN-3,0.3,0.952
GNN-4,0.3,0.962
Greedy,0.3,0.952
SCITE,0.3,0.9882
FCNN-3,0.3,0.9815
GNN-4,0.3,1.0
Greedy,0.3,0.9778
SCITE,0.3,1.0
FCNN-3,0.3,1.0
GNN-4,0.3,1.0
Greedy,0.3,1.0
SCITE,0.3,1.0
FCNN-3,0.3,1.0
GNN-4,0.3,0.8853
Greedy,0.3,0.8608
SCITE,0.3,1.0
FCNN-3,0.3,0.9455
GNN-4,0.3,0.9623
Greedy,0.3,0.9752
SCITE,0.3,1.0
FCNN-3,0.3,0.9869
GNN-4,0.3,0.9687
Greedy,0.3,0.9615
SCITE,0.3,0.985
FCNN-3,0.3,0.9905
GNN-4,0.3,1.0
Greedy,0.3,0.9905
SCITE,0.3,1.0
FCNN-3,0.3,1.0
GNN-4,0.3,0.836
Greedy,0.3,0.9516
SCITE,0.3,1.0
FCNN-3,0.3,1.0
GNN-4,0.3,1.0
Greedy,0.3,1.0
SCITE,0.3,1.0
FCNN-3,0.3,0.9857
GNN-4,0.3,0.9804
Greedy,0.3,0.9523
SCITE,0.3,0.9837
FCNN-3,0.3,1.0
GNN-4,0.3,1.0
Greedy,0.3,1.0
SCITE,0.3,1.0
FCNN-3,0.3,0.9007
GNN-4,0.3,0.9563
Greedy,0.3,0.8363
SCITE,0.3,1.0
FCNN-3,0.3,0.9871
GNN-4,0.3,0.9957
Greedy,0.3,0.9786
SCITE,0.3,1.0
FCNN-3,0.3,0.9944
GNN-4,0.3,0.7758
Greedy,0.3,0.9944
SCITE,0.3,0.9922
FCNN-3,0.3,0.8948
GNN-4,0.3,0.8297
Greedy,0.3,0.8948
SCITE,0.3,0.9968
FCNN-3,0.3,1.0
GNN-4,0.3,1.0
Greedy,0.3,1.0
SCITE,0.3,1.0
FCNN-3,0.3,1.0
GNN-4,0.3,1.0
Greedy,0.3,1.0
SCITE,0.3,1.0
FCNN-3,0.3,0.8422
GNN-4,0.3,0.82
Greedy,0.3,0.7418
SCITE,0.3,1.0
FCNN-3,0.3,0.9517
GNN-4,0.3,0.9822
Greedy,0.3,0.9332
SCITE,0.3,1.0
FCNN-3,0.3,0.9662
GNN-4,0.3,0.9662
Greedy,0.3,0.8801
SCITE,0.3,0.9589
FCNN-3,0.3,0.9307
GNN-4,0.3,0.9789
Greedy,0.3,0.8825
SCITE,0.3,0.9775
FCNN-3,0.3,1.0
GNN-4,0.3,0.9915
Greedy,0.3,1.0
SCITE,0.3,1.0
FCNN-3,0.3,1.0
GNN-4,0.3,1.0
Greedy,0.3,1.0
SCITE,0.3,1.0
FCNN-3,0.3,1.0
GNN-4,0.3,1.0
Greedy,0.3,1.0
SCITE,0.3,1.0
FCNN-3,0.3,0.9871
GNN-4,0.3,0.9491
Greedy,0.3,0.865
SCITE,0.3,0.9882
FCNN-3,0.3,0.9815
GNN-4,0.3,1.0
Greedy,0.3,0.7837
SCITE,0.3,1.0
FCNN-3,0.3,0.9783
GNN-4,0.3,0.9378
Greedy,0.3,0.8938
SCITE,0.3,1.0
FCNN-3,0.3,1.0
GNN-4,0.3,0.9889
Greedy,0.3,1.0
SCITE,0.3,1.0
FCNN-3,0.3,0.9662
GNN-4,0.3,0.9718
Greedy,0.3,0.8581
SCITE,0.3,1.0
FCNN-3,0.3,1.0
GNN-4,0.3,0.9639
Greedy,0.3,1.0
SCITE,0.3,1.0
FCNN-3,0.3,0.8642
GNN-4,0.3,0.96
Greedy,0.3,0.8642
SCITE,0.3,0.9957
FCNN-3,0.3,1.0
GNN-4,0.3,1.0
Greedy,0.3,1.0
SCITE,0.3,1.0
FCNN-3,0.3,0.9629
GNN-4,0.3,1.0
Greedy,0.3,0.9509
SCITE,0.3,1.0
FCNN-3,0.3,0.9428
GNN-4,0.3,0.9832
Greedy,0.3,0.9361
SCITE,0.3,0.9933
FCNN-3,0.3,1.0
GNN-4,0.3,0.9369
Greedy,0.3,1.0
SCITE,0.3,1.0
FCNN-3,0.3,1.0
GNN-4,0.3,0.9809
Greedy,0.3,1.0
SCITE,0.3,1.0
FCNN-3,0.3,1.0
GNN-4,0.3,1.0
Greedy,0.3,1.0
SCITE,0.3,1.0
FCNN-3,0.3,0.945
GNN-4,0.3,0.8448
Greedy,0.3,0.945
SCITE,0.3,1.0
FCNN-3,0.3,0.9909
GNN-4,0.3,0.9909
Greedy,0.3,0.9909
SCITE,0.3,0.9899
FCNN-3,0.3,1.0
GNN-4,0.3,0.9178
Greedy,0.3,1.0
SCITE,0.3,1.0
FCNN-3,0.3,0.9856
GNN-4,0.3,0.9856
Greedy,0.3,0.9918
SCITE,0.3,0.9926
FCNN-3,0.3,0.9977
GNN-4,0.3,0.9743
Greedy,0.3,0.784
SCITE,0.3,0.9966
FCNN-3,0.3,0.9721
GNN-4,0.3,0.9888
Greedy,0.3,0.8627
SCITE,0.3,1.0
FCNN-3,0.3,0.9339
GNN-4,0.3,0.9339
Greedy,0.3,0.9339
SCITE,0.3,0.9875
FCNN-3,0.3,0.8814
GNN-4,0.3,0.8885
Greedy,0.3,0.6929
SCITE,0.3,1.0
FCNN-3,0.3,1.0
GNN-4,0.3,1.0
Greedy,0.3,0.9808
SCITE,0.3,1.0
FCNN-3,0.3,0.9916
GNN-4,0.3,1.0
Greedy,0.3,1.0
SCITE,0.3,1.0
FCNN-3,0.3,0.9897
GNN-4,0.3,0.8457
Greedy,0.3,0.9897
SCITE,0.3,1.0
FCNN-3,0.3,0.9198
GNN-4,0.3,0.9265
Greedy,0.3,0.9169
SCITE,0.3,1.0
FCNN-3,0.3,1.0
GNN-4,0.3,1.0
Greedy,0.3,1.0
SCITE,0.3,1.0
FCNN-3,0.3,0.9783
GNN-4,0.3,0.9645
Greedy,0.3,0.9783
SCITE,0.3,1.0
FCNN-3,0.3,0.9571
GNN-4,0.3,0.9487
Greedy,0.3,0.9571
SCITE,0.3,0.9592
FCNN-3,0.3,0.8979
GNN-4,0.3,0.9644
Greedy,0.3,0.8979
SCITE,0.3,0.9844
FCNN-3,0.3,1.0
GNN-4,0.3,0.9141
Greedy,0.3,0.9913
SCITE,0.3,1.0
FCNN-3,0.3,1.0
GNN-4,0.3,1.0
Greedy,0.3,0.9386
SCITE,0.3,1.0
FCNN-3,0.3,0.9366
GNN-4,0.3,0.9198
Greedy,0.3,0.871
SCITE,0.3,1.0
FCNN-3,0.3,1.0
GNN-4,0.3,1.0
Greedy,0.3,1.0
SCITE,0.3,1.0
FCNN-3,0.3,1.0
GNN-4,0.3,0.9527
Greedy,0.3,0.9527
SCITE,0.3,1.0
FCNN-3,0.3,1.0
GNN-4,0.3,1.0
Greedy,0.3,1.0
SCITE,0.3,1.0
FCNN-3,0.3,0.9901
GNN-4,0.3,0.975
Greedy,0.3,0.9985
SCITE,0.3,0.9979
FCNN-3,0.3,0.9803
GNN-4,0.3,0.9803
Greedy,0.3,0.9004
SCITE,0.3,1.0
FCNN-3,0.3,0.9992
GNN-4,0.3,1.0
Greedy,0.3,0.9096
SCITE,0.3,1.0
FCNN-3,0.3,0.8704
GNN-4,0.3,0.8213
Greedy,0.3,0.8476
SCITE,0.3,1.0
FCNN-3,0.3,0.9213
GNN-4,0.3,1.0
Greedy,0.3,0.9735
SCITE,0.3,1.0
FCNN-3,0.3,0.9373
GNN-4,0.3,0.9443
Greedy,0.3,0.9215
SCITE,0.3,1.0
FCNN-3,0.3,1.0
GNN-4,0.3,0.8741
Greedy,0.3,1.0
SCITE,0.3,1.0
FCNN-3,0.3,0.9965
GNN-4,0.3,0.8633
Greedy,0.3,0.9965
SCITE,0.3,0.9971
FCNN-3,0.3,1.0
GNN-4,0.3,0.9553
Greedy,0.3,0.8905
SCITE,0.3,1.0
FCNN-3,0.3,0.9704
GNN-4,0.3,0.9704
Greedy,0.3,0.9704
SCITE,0.3,0.9759
FCNN-3,0.3,1.0
GNN-4,0.3,0.9947
Greedy,0.3,1.0
SCITE,0.3,1.0
FCNN-3,0.3,0.9307
GNN-4,0.3,0.9806
Greedy,0.3,0.7512
SCITE,0.3,1.0
FCNN-3,0.3,1.0
GNN-4,0.3,0.8689
Greedy,0.3,0.9941
SCITE,0.3,1.0
FCNN-3,0.3,1.0
GNN-4,0.3,0.8426
Greedy,0.3,0.9908
SCITE,0.3,1.0
FCNN-3,0.3,0.8076
GNN-4,0.3,0.8534
Greedy,0.3,0.8042
SCITE,0.3,1.0
FCNN-3,0.3,1.0
GNN-4,0.3,1.0
Greedy,0.3,1.0
SCITE,0.3,1.0
FCNN-3,0.3,0.8796
GNN-4,0.3,0.8855
Greedy,0.3,0.893
SCITE,0.3,0.9871
FCNN-3,0.3,0.9902
GNN-4,0.3,0.9754
Greedy,0.3,0.9902
SCITE,0.3,0.9882
FCNN-3,0.3,1.0
GNN-4,0.3,1.0
Greedy,0.3,0.9302
SCITE,0.3,1.0
FCNN-3,0.3,0.9798
GNN-4,0.3,0.9594
Greedy,0.3,0.9798
SCITE,0.3,0.9803
FCNN-3,0.3,0.9835
GNN-4,0.3,0.9835
Greedy,0.3,0.9835
SCITE,0.3,0.9833
FCNN-3,0.4,1.0
GNN-4,0.4,1.0
Greedy,0.4,1.0
SCITE,0.4,1.0
FCNN-3,0.4,0.8371
GNN-4,0.4,0.8778
Greedy,0.4,0.8371
SCITE,0.4,0.9555
FCNN-3,0.4,1.0
GNN-4,0.4,1.0
Greedy,0.4,1.0
SCITE,0.4,1.0
FCNN-3,0.4,1.0
GNN-4,0.4,1.0
Greedy,0.4,0.9172
SCITE,0.4,1.0
FCNN-3,0.4,1.0
GNN-4,0.4,1.0
Greedy,0.4,0.9255
SCITE,0.4,1.0
FCNN-3,0.4,1.0
GNN-4,0.4,1.0
Greedy,0.4,1.0
SCITE,0.4,1.0
FCNN-3,0.4,0.9762
GNN-4,0.4,1.0
Greedy,0.4,0.9571
SCITE,0.4,1.0
FCNN-3,0.4,0.9936
GNN-4,0.4,1.0
Greedy,0.4,0.9063
SCITE,0.4,1.0
FCNN-3,0.4,0.903
GNN-4,0.4,0.903
Greedy,0.4,0.903
SCITE,0.4,0.9458
FCNN-3,0.4,1.0
GNN-4,0.4,1.0
Greedy,0.4,1.0
SCITE,0.4,1.0
FCNN-3,0.4,0.8816
GNN-4,0.4,0.8892
Greedy,0.4,0.8854
SCITE,0.4,0.9782
FCNN-3,0.4,1.0
GNN-4,0.4,1.0
Greedy,0.4,1.0
SCITE,0.4,1.0
FCNN-3,0.4,0.9669
GNN-4,0.4,0.8409
Greedy,0.4,0.9483
SCITE,0.4,0.9843
FCNN-3,0.4,1.0
GNN-4,0.4,1.0
Greedy,0.4,1.0
SCITE,0.4,1.0
FCNN-3,0.4,0.8305
GNN-4,0.4,0.8917
Greedy,0.4,0.8305
SCITE,0.4,0.9456
FCNN-3,0.4,0.9538
GNN-4,0.4,0.9239
Greedy,0.4,0.7317
SCITE,0.4,1.0
FCNN-3,0.4,0.9446
GNN-4,0.4,0.8503
Greedy,0.4,0.9446
SCITE,0.4,1.0
FCNN-3,0.4,1.0
GNN-4,0.4,1.0
Greedy,0.4,1.0
SCITE,0.4,1.0
FCNN-3,0.4,0.9924
GNN-4,0.4,0.9761
Greedy,0.4,0.9814
SCITE,0.4,1.0
FCNN-3,0.4,1.0
GNN-4,0.4,0.8994
Greedy,0.4,0.9639
SCITE,0.4,1.0
FCNN-3,0.4,1.0
GNN-4,0.4,1.0
Greedy,0.4,1.0
SCITE,0.4,1.0
FCNN-3,0.4,1.0
GNN-4,0.4,0.9715
Greedy,0.4,0.8892
SCITE,0.4,1.0
FCNN-3,0.4,1.0
GNN-4,0.4,0.9852
Greedy,0.4,0.8448
SCITE,0.4,1.0
FCNN-3,0.4,1.0
GNN-4,0.4,1.0
Greedy,0.4,0.973
SCITE,0.4,1.0
FCNN-3,0.4,0.9326
GNN-4,0.4,1.0
Greedy,0.4,0.9326
SCITE,0.4,1.0
FCNN-3,0.4,0.9066
GNN-4,0.4,0.9566
Greedy,0.4,0.7463
SCITE,0.4,0.9912
FCNN-3,0.4,1.0
GNN-4,0.4,1.0
Greedy,0.4,1.0
SCITE,0.4,1.0
FCNN-3,0.4,1.0
GNN-4,0.4,1.0
Greedy,0.4,1.0
SCITE,0.4,1.0
FCNN-3,0.4,0.9884
GNN-4,0.4,0.9835
Greedy,0.4,0.9842
SCITE,0.4,1.0
FCNN-3,0.4,0.9558
GNN-4,0.4,0.9687
Greedy,0.4,0.8633
SCITE,0.4,1.0
FCNN-3,0.4,1.0
GNN-4,0.4,0.9861
Greedy,0.4,0.9906
SCITE,0.4,1.0
FCNN-3,0.4,1.0
GNN-4,0.4,1.0
Greedy,0.4,1.0
SCITE,0.4,1.0
FCNN-3,0.4,1.0
GNN-4,0.4,1.0
Greedy,0.4,1.0
SCITE,0.4,1.0
FCNN-3,0.4,1.0
GNN-4,0.4,1.0
Greedy,0.4,1.0
SCITE,0.4,1.0
FCNN-3,0.4,1.0
GNN-4,0.4,0.9374
Greedy,0.4,1.0
SCITE,0.4,1.0
FCNN-3,0.4,0.9623
GNN-4,0.4,0.9663
Greedy,0.4,0.9623
SCITE,0.4,0.9955
FCNN-3,0.4,0.9188
GNN-4,0.4,0.9592
Greedy,0.4,0.9188
SCITE,0.4,1.0
FCNN-3,0.4,1.0
GNN-4,0.4,0.9457
Greedy,0.4,1.0
SCITE,0.4,1.0
FCNN-3,0.4,1.0
GNN-4,0.4,1.0
Greedy,0.4,0.9481
SCITE,0.4,1.0
FCNN-3,0.4,1.0
GNN-4,0.4,1.0
Greedy,0.4,0.9239
SCITE,0.4,1.0
FCNN-3,0.4,0.9688
GNN-4,0.4,0.8941
Greedy,0.4,0.8292
SCITE,0.4,1.0
FCNN-3,0.4,0.9922
GNN-4,0.4,0.9494
Greedy,0.4,0.9922
SCITE,0.4,0.9916
FCNN-3,0.4,0.8968
GNN-4,0.4,0.9591
Greedy,0.4,0.7056
SCITE,0.4,0.9902
FCNN-3,0.4,0.9684
GNN-4,0.4,0.8631
Greedy,0.4,0.9684
SCITE,0.4,1.0
FCNN-3,0.4,0.9305
GNN-4,0.4,0.9459
Greedy,0.4,0.9305
SCITE,0.4,1.0
FCNN-3,0.4,1.0
GNN-4,0.4,1.0
Greedy,0.4,1.0
SCITE,0.4,1.0
FCNN-3,0.4,0.9349
GNN-4,0.4,0.9595
Greedy,0.4,0.9227
SCITE,0.4,1.0
FCNN-3,0.4,0.9469
GNN-4,0.4,0.926
Greedy,0.4,0.9469
SCITE,0.4,0.9383
FCNN-3,0.4,1.0
GNN-4,0.4,1.0
Greedy,0.4,1.0
SCITE,0.4,1.0
FCNN-3,0.4,0.8736
GNN-4,0.4,0.9472
Greedy,0.4,0.8736
SCITE,0.4,0.9493
FCNN-3,0.4,1.0
GNN-4,0.4,1.0
Greedy,0.4,1.0
SCITE,0.4,1.0
FCNN-3,0.4,0.8898
GNN-4,0.4,0.9857
Greedy,0.4,0.8898
SCITE,0.4,1.0
FCNN-3,0.4,1.0
GNN-4,0.4,1.0
Greedy,0.4,1.0
SCITE,0.4,1.0
FCNN-3,0.4,0.9946
GNN-4,0.4,0.9634
Greedy,0.4,0.9889
SCITE,0.4,1.0
FCNN-3,0.4,1.0
GNN-4,0.4,1.0
Greedy,0.4,1.0
SCITE,0.4,1.0
FCNN-3,0.4,1.0
GNN-4,0.4,1.0
Greedy,0.4,1.0
SCITE,0.4,1.0
FCNN-3,0.4,1.0
GNN-4,0.4,0.9509
Greedy,0.4,0.9956
SCITE,0.4,1.0
FCNN-3,0.4,0.9836
GNN-4,0.4,0.8957
Greedy,0.4,1.0
SCITE,0.4,1.0
FCNN-3,0.4,0.9688
GNN-4,0.4,0.9077
Greedy,0.4,0.858
SCITE,0.4,1.0
FCNN-3,0.4,1.0
GNN-4,0.4,0.9167
Greedy,0.4,1.0
SCITE,0.4,1.0
FCNN-3,0.4,1.0
GNN-4,0.4,1.0
Greedy,0.4,1.0
SCITE,0.4,1.0
FCNN-3,0.4,1.0
GNN-4,0.4,1.0
Greedy,0.4,1.0
SCITE,0.4,1.0
FCNN-3,0.4,0.9887
GNN-4,0.4,0.9887
Greedy,0.4,0.9564
SCITE,0.4,0.9709
FCNN-3,0.4,1.0
GNN-4,0.4,1.0
Greedy,0.4,1.0
SCITE,0.4,1.0
FCNN-3,0.4,0.9828
GNN-4,0.4,1.0
Greedy,0.4,0.7357
SCITE,0.4,1.0
FCNN-3,0.4,0.99
GNN-4,0.4,1.0
Greedy,0.4,1.0
SCITE,0.4,1.0
FCNN-3,0.4,1.0
GNN-4,0.4,1.0
Greedy,0.4,1.0
SCITE,0.4,1.0
FCNN-3,0.4,1.0
GNN-4,0.4,0.9858
Greedy,0.4,1.0
SCITE,0.4,1.0
FCNN-3,0.4,1.0
GNN-4,0.4,0.9818
Greedy,0.4,1.0
SCITE,0.4,1.0
FCNN-3,0.4,1.0
GNN-4,0.4,1.0
Greedy,0.4,1.0
SCITE,0.4,1.0
FCNN-3,0.4,0.8676
GNN-4,0.4,0.9139
Greedy,0.4,0.8584
SCITE,0.4,0.9963
FCNN-3,0.4,0.9812
GNN-4,0.4,0.8575
Greedy,0.4,0.9976
SCITE,0.4,1.0
FCNN-3,0.4,0.9976
GNN-4,0.4,1.0
Greedy,0.4,0.8736
SCITE,0.4,1.0
FCNN-3,0.4,1.0
GNN-4,0.4,0.959
Greedy,0.4,1.0
SCITE,0.4,1.0
FCNN-3,0.4,1.0
GNN-4,0.4,1.0
Greedy,0.4,1.0
SCITE,0.4,1.0
FCNN-3,0.4,0.9577
GNN-4,0.4,0.8985
Greedy,0.4,0.9577
SCITE,0.4,0.9686
FCNN-3,0.4,1.0
GNN-4,0.4,1.0
Greedy,0.4,1.0
SCITE,0.4,1.0
FCNN-3,0.4,0.8669
GNN-4,0.4,0.9308
Greedy,0.4,0.9103
SCITE,0.4,1.0
FCNN-3,0.4,1.0
GNN-4,0.4,1.0
Greedy,0.4,1.0
SCITE,0.4,1.0
FCNN-3,0.4,0.8948
GNN-4,0.4,0.9637
Greedy,0.4,0.8482
SCITE,0.4,1.0
FCNN-3,0.4,0.9929
GNN-4,0.4,0.9643
Greedy,0.4,0.9929
SCITE,0.4,0.9845
FCNN-3,0.4,1.0
GNN-4,0.4,0.9017
Greedy,0.4,1.0
SCITE,0.4,1.0
FCNN-3,0.4,0.9868
GNN-4,0.4,0.9364
Greedy,0.4,0.9221
SCITE,0.4,0.9791
FCNN-3,0.4,1.0
GNN-4,0.4,0.9526
Greedy,0.4,1.0
SCITE,0.4,1.0
FCNN-3,0.4,0.9197
GNN-4,0.4,0.8955
Greedy,0.4,0.8957
SCITE,0.4,0.9882
FCNN-3,0.4,0.9884
GNN-4,0.4,1.0
Greedy,0.4,0.9884
SCITE,0.4,1.0
FCNN-3,0.4,0.9995
GNN-4,0.4,0.8892
Greedy,0.4,0.9029
SCITE,0.4,0.9996
FCNN-3,0.4,1.0
GNN-4,0.4,1.0
Greedy,0.4,1.0
SCITE,0.4,1.0
FCNN-3,0.4,0.966
GNN-4,0.4,0.966
Greedy,0.4,0.9548
SCITE,0.4,0.9555
FCNN-3,0.4,1.0
GNN-4,0.4,1.0
Greedy,0.4,1.0
SCITE,0.4,1.0
FCNN-3,0.4,0.883
GNN-4,0.4,0.9065
Greedy,0.4,0.883
SCITE,0.4,1.0
FCNN-3,0.4,0.9772
GNN-4,0.4,0.7569
Greedy,0.4,0.9476
SCITE,0.4,0.9789
FCNN-3,0.4,1.0
GNN-4,0.4,1.0
Greedy,0.4,0.875
SCITE,0.4,1.0
FCNN-3,0.4,1.0
GNN-4,0.4,1.0
Greedy,0.4,1.0
SCITE,0.4,1.0
FCNN-3,0.4,0.9023
GNN-4,0.4,0.9099
Greedy,0.4,0.8178
SCITE,0.4,0.9541
FCNN-3,0.4,0.9626
GNN-4,0.4,0.6397
Greedy,0.4,0.863
SCITE,0.4,1.0
FCNN-3,0.4,0.9957
GNN-4,0.4,0.9878
Greedy,0.4,0.9345
SCITE,0.4,1.0
FCNN-3,0.4,0.9665
GNN-4,0.4,0.9294
Greedy,0.4,0.8753
SCITE,0.4,0.9375
FCNN-3,0.4,1.0
GNN-4,0.4,1.0
Greedy,0.4,1.0
SCITE,0.4,1.0
FCNN-3,0.4,1.0
GNN-4,0.4,1.0
Greedy,0.4,0.9746
SCITE,0.4,1.0
FCNN-3,0.5,1.0
GNN-4,0.5,1.0
Greedy,0.5,1.0
SCITE,0.5,1.0
FCNN-3,0.5,0.979
GNN-4,0.5,0.946
Greedy,0.5,0.9708
SCITE,0.5,1.0
FCNN-3,0.5,1.0
GNN-4,0.5,1.0
Greedy,0.5,1.0
SCITE,0.5,1.0
FCNN-3,0.5,0.8215
GNN-4,0.5,0.6358
Greedy,0.5,0.7626
SCITE,0.5,0.8541
FCNN-3,0.5,0.9478
GNN-4,0.5,0.8936
Greedy,0.5,0.9478
SCITE,0.5,0.9547
FCNN-3,0.5,0.9696
GNN-4,0.5,0.9405
Greedy,0.5,0.9528
SCITE,0.5,0.9919
FCNN-3,0.5,1.0
GNN-4,0.5,1.0
Greedy,0.5,1.0
SCITE,0.5,1.0
FCNN-3,0.5,1.0
GNN-4,0.5,1.0
Greedy,0.5,1.0
SCITE,0.5,1.0
FCNN-3,0.5,1.0
GNN-4,0.5,1.0
Greedy,0.5,1.0
SCITE,0.5,1.0
FCNN-3,0.5,1.0
GNN-4,0.5,0.9981
Greedy,0.5,1.0
SCITE,0.5,1.0
FCNN-3,0.5,0.9301
GNN-4,0.5,0.8164
Greedy,0.5,0.9802
SCITE,0.5,0.9601
FCNN-3,0.5,1.0
GNN-4,0.5,1.0
Greedy,0.5,1.0
SCITE,0.5,1.0
FCNN-3,0.5,0.9566
GNN-4,0.5,0.8814
Greedy,0.5,0.8562
SCITE,0.5,1.0
FCNN-3,0.5,1.0
GNN-4,0.5,1.0
Greedy,0.5,1.0
SCITE,0.5,1.0
FCNN-3,0.5,1.0
GNN-4,0.5,0.9609
Greedy,0.5,1.0
SCITE,0.5,1.0
FCNN-3,0.5,1.0
GNN-4,0.5,1.0
Greedy,0.5,1.0
SCITE,0.5,1.0
FCNN-3,0.5,0.8678
GNN-4,0.5,0.8678
Greedy,0.5,0.8678
SCITE,0.5,0.9232
FCNN-3,0.5,0.9553
GNN-4,0.5,0.6972
Greedy,0.5,0.948
SCITE,0.5,1.0
FCNN-3,0.5,1.0
GNN-4,0.5,0.9726
Greedy,0.5,1.0
SCITE,0.5,1.0
FCNN-3,0.5,0.9056
GNN-4,0.5,0.9672
Greedy,0.5,0.9041
SCITE,0.5,0.9948
FCNN-3,0.5,0.9187
GNN-4,0.5,1.0
Greedy,0.5,0.8936
SCITE,0.5,1.0
FCNN-3,0.5,1.0
GNN-4,0.5,1.0
Greedy,0.5,1.0
SCITE,0.5,1.0
FCNN-3,0.5,1.0
GNN-4,0.5,1.0
Greedy,0.5,1.0
SCITE,0.5,1.0
FCNN-3,0.5,0.9551
GNN-4,0.5,0.9357
Greedy,0.5,0.9551
SCITE,0.5,0.9328
FCNN-3,0.5,1.0
GNN-4,0.5,0.8338
Greedy,0.5,1.0
SCITE,0.5,1.0
FCNN-3,0.5,0.6954
GNN-4,0.5,0.8827
Greedy,0.5,0.7461
SCITE,0.5,0.8857
FCNN-3,0.5,1.0
GNN-4,0.5,1.0
Greedy,0.5,1.0
SCITE,0.5,1.0
FCNN-3,0.5,0.9592
GNN-4,0.5,0.9173
Greedy,0.5,0.9592
SCITE,0.5,0.9953
FCNN-3,0.5,1.0
GNN-4,0.5,1.0
Greedy,0.5,1.0
SCITE,0.5,1.0
FCNN-3,0.5,1.0
GNN-4,0.5,1.0
Greedy,0.5,1.0
SCITE,0.5,1.0
FCNN-3,0.5,1.0
GNN-4,0.5,0.7566
Greedy,0.5,1.0
SCITE,0.5,1.0
FCNN-3,0.5,0.8731
GNN-4,0.5,0.6918
Greedy,0.5,1.0
SCITE,0.5,1.0
FCNN-3,0.5,0.9632
GNN-4,0.5,0.902
Greedy,0.5,0.9386
SCITE,0.5,1.0
FCNN-3,0.5,1.0
GNN-4,0.5,1.0
Greedy,0.5,1.0
SCITE,0.5,1.0
FCNN-3,0.5,1.0
GNN-4,0.5,1.0
Greedy,0.5,1.0
SCITE,0.5,1.0
FCNN-3,0.5,1.0
GNN-4,0.5,1.0
Greedy,0.5,1.0
SCITE,0.5,1.0
FCNN-3,0.5,0.9679
GNN-4,0.5,0.878
Greedy,0.5,0.9679
SCITE,0.5,0.9701
FCNN-3,0.5,0.9605
GNN-4,0.5,0.9082
Greedy,0.5,0.9605
SCITE,0.5,0.972
FCNN-3,0.5,1.0
GNN-4,0.5,1.0
Greedy,0.5,1.0
SCITE,0.5,1.0
FCNN-3,0.5,1.0
GNN-4,0.5,0.9994
Greedy,0.5,1.0
SCITE,0.5,1.0
FCNN-3,0.5,1.0
GNN-4,0.5,0.9631
Greedy,0.5,0.9631
SCITE,0.5,1.0
FCNN-3,0.5,1.0
GNN-4,0.5,1.0
Greedy,0.5,1.0
SCITE,0.5,1.0
FCNN-3,0.5,1.0
GNN-4,0.5,1.0
Greedy,0.5,1.0
SCITE,0.5,1.0
FCNN-3,0.5,0.874
GNN-4,0.5,0.874
Greedy,0.5,0.9651
SCITE,0.5,0.9891
FCNN-3,0.5,0.9232
GNN-4,0.5,0.9127
Greedy,0.5,0.8307
SCITE,0.5,0.9885
FCNN-3,0.5,1.0
GNN-4,0.5,0.9115
Greedy,0.5,0.9327
SCITE,0.5,1.0
FCNN-3,0.5,0.948
GNN-4,0.5,1.0
Greedy,0.5,0.8554
SCITE,0.5,1.0
FCNN-3,0.5,1.0
GNN-4,0.5,1.0
Greedy,0.5,1.0
SCITE,0.5,1.0
FCNN-3,0.5,1.0
GNN-4,0.5,1.0
Greedy,0.5,1.0
SCITE,0.5,1.0
FCNN-3,0.5,1.0
GNN-4,0.5,1.0
Greedy,0.5,1.0
SCITE,0.5,1.0
FCNN-3,0.5,1.0
GNN-4,0.5,1.0
Greedy,0.5,1.0
SCITE,0.5,1.0
FCNN-3,0.5,0.9321
GNN-4,0.5,0.8607
Greedy,0.5,0.919
SCITE,0.5,0.9558
FCNN-3,0.5,0.859
GNN-4,0.5,0.6568
Greedy,0.5,0.8437
SCITE,0.5,0.8845
FCNN-3,0.5,1.0
GNN-4,0.5,0.8801
Greedy,0.5,1.0
SCITE,0.5,1.0
FCNN-3,0.5,1.0
GNN-4,0.5,1.0
Greedy,0.5,1.0
SCITE,0.5,1.0
FCNN-3,0.5,1.0
GNN-4,0.5,1.0
Greedy,0.5,1.0
SCITE,0.5,1.0
FCNN-3,0.5,0.96
GNN-4,0.5,0.741
Greedy,0.5,0.9206
SCITE,0.5,1.0
FCNN-3,0.5,0.9644
GNN-4,0.5,0.9844
Greedy,0.5,0.8053
SCITE,0.5,1.0
FCNN-3,0.5,0.967
GNN-4,0.5,0.9046
Greedy,0.5,0.967
SCITE,0.5,0.9765
FCNN-3,0.5,1.0
GNN-4,0.5,1.0
Greedy,0.5,1.0
SCITE,0.5,1.0
FCNN-3,0.5,0.9574
GNN-4,0.5,0.8809
Greedy,0.5,1.0
SCITE,0.5,1.0
FCNN-3,0.5,1.0
GNN-4,0.5,0.9475
Greedy,0.5,0.9791
SCITE,0.5,1.0
FCNN-3,0.5,0.984
GNN-4,0.5,0.8424
Greedy,0.5,0.9231
SCITE,0.5,1.0
FCNN-3,0.5,0.9258
GNN-4,0.5,0.8751
Greedy,0.5,0.9337
SCITE,0.5,0.9553
FCNN-3,0.5,1.0
GNN-4,0.5,0.9783
Greedy,0.5,1.0
SCITE,0.5,1.0
FCNN-3,0.5,0.8433
GNN-4,0.5,0.8433
Greedy,0.5,0.8433
SCITE,0.5,0.8324
FCNN-3,0.5,1.0
GNN-4,0.5,0.9028
Greedy,0.5,0.8549
SCITE,0.5,1.0
FCNN-3,0.5,1.0
GNN-4,0.5,1.0
Greedy,0.5,1.0
SCITE,0.5,1.0
FCNN-3,0.5,0.9348
GNN-4,0.5,0.8577
Greedy,0.5,0.868
SCITE,0.5,1.0
FCNN-3,0.5,1.0
GNN-4,0.5,1.0
Greedy,0.5,1.0
SCITE,0.5,1.0
FCNN-3,0.5,1.0
GNN-4,0.5,1.0
Greedy,0.5,1.0
SCITE,0.5,1.0
FCNN-3,0.5,0.9565
GNN-4,0.5,0.8736
Greedy,0.5,0.9565
SCITE,0.5,1.0
FCNN-3,0.5,1.0
GNN-4,0.5,1.0
Greedy,0.5,1.0
SCITE,0.5,1.0
FCNN-3,0.5,1.0
GNN-4,0.5,1.0
Greedy,0.5,1.0
SCITE,0.5,1.0
FCNN-3,0.5,1.0
GNN-4,0.5,1.0
Greedy,0.5,1.0
SCITE,0.5,1.0
FCNN-3,0.5,1.0
GNN-4,0.5,1.0
Greedy,0.5,1.0
SCITE,0.5,1.0
FCNN-3,0.5,1.0
GNN-4,0.5,1.0
Greedy,0.5,1.0
SCITE,0.5,1.0
FCNN-3,0.5,1.0
GNN-4,0.5,1.0
Greedy,0.5,1.0
SCITE,0.5,1.0
FCNN-3,0.5,1.0
GNN-4,0.5,1.0
Greedy,0.5,0.9086
SCITE,0.5,1.0
FCNN-3,0.5,1.0
GNN-4,0.5,0.9038
Greedy,0.5,1.0
SCITE,0.5,1.0
FCNN-3,0.5,1.0
GNN-4,0.5,1.0
Greedy,0.5,1.0
SCITE,0.5,1.0
FCNN-3,0.5,1.0
GNN-4,0.5,1.0
Greedy,0.5,1.0
SCITE,0.5,1.0
FCNN-3,0.5,1.0
GNN-4,0.5,0.995
Greedy,0.5,0.9612
SCITE,0.5,1.0
FCNN-3,0.5,1.0
GNN-4,0.5,1.0
Greedy,0.5,0.9741
SCITE,0.5,1.0
FCNN-3,0.5,1.0
GNN-4,0.5,0.9715
Greedy,0.5,1.0
SCITE,0.5,1.0
FCNN-3,0.5,0.9029
GNN-4,0.5,0.8109
Greedy,0.5,0.8924
SCITE,0.5,0.9016
FCNN-3,0.5,1.0
GNN-4,0.5,1.0
Greedy,0.5,1.0
SCITE,0.5,1.0
FCNN-3,0.5,1.0
GNN-4,0.5,1.0
Greedy,0.5,1.0
SCITE,0.5,1.0
FCNN-3,0.5,0.9595
GNN-4,0.5,1.0
Greedy,0.5,0.8202
SCITE,0.5,1.0
FCNN-3,0.5,0.9849
GNN-4,0.5,0.8267
Greedy,0.5,0.8336
SCITE,0.5,1.0
FCNN-3,0.5,0.8789
GNN-4,0.5,0.8518
Greedy,0.5,0.9904
SCITE,0.5,1.0
FCNN-3,0.5,1.0
GNN-4,0.5,0.9444
Greedy,0.5,1.0
SCITE,0.5,1.0
FCNN-3,0.5,1.0
GNN-4,0.5,0.995
Greedy,0.5,1.0
SCITE,0.5,1.0
FCNN-3,0.5,1.0
GNN-4,0.5,1.0
Greedy,0.5,1.0
SCITE,0.5,1.0
FCNN-3,0.5,1.0
GNN-4,0.5,1.0
Greedy,0.5,1.0
SCITE,0.5,1.0
FCNN-3,0.5,0.9964
GNN-4,0.5,0.9394
Greedy,0.5,0.9964
SCITE,0.5,0.9966
FCNN-3,0.5,1.0
GNN-4,0.5,1.0
Greedy,0.5,1.0
SCITE,0.5,1.0
FCNN-3,0.5,1.0
GNN-4,0.5,1.0
Greedy,0.5,0.9761
SCITE,0.5,1.0
FCNN-3,0.5,1.0
GNN-4,0.5,0.8496
Greedy,0.5,1.0
SCITE,0.5,1.0
FCNN-3,0.5,1.0
GNN-4,0.5,1.0
Greedy,0.5,1.0
SCITE,0.5,1.0
