Method,doub_rt,Perf
FCNN-3,0.0,0.9834
GNN-4,0.0,0.9524
Greedy,0.0,0.9574
SCITE,0.0,1.0
FCNN-3,0.0,1.0
GNN-4,0.0,1.0
Greedy,0.0,1.0
SCITE,0.0,1.0
FCNN-3,0.0,1.0
GNN-4,0.0,0.9627
Greedy,0.0,1.0
SCITE,0.0,1.0
FCNN-3,0.0,1.0
GNN-4,0.0,1.0
Greedy,0.0,1.0
SCITE,0.0,1.0
FCNN-3,0.0,1.0
GNN-4,0.0,1.0
Greedy,0.0,0.9883
SCITE,0.0,1.0
FCNN-3,0.0,0.9706
GNN-4,0.0,0.9953
Greedy,0.0,0.9706
SCITE,0.0,1.0
FCNN-3,0.0,0.9383
GNN-4,0.0,1.0
Greedy,0.0,0.9383
SCITE,0.0,1.0
FCNN-3,0.0,1.0
GNN-4,0.0,1.0
Greedy,0.0,0.9187
SCITE,0.0,1.0
FCNN-3,0.0,1.0
GNN-4,0.0,1.0
Greedy,0.0,0.9783
SCITE,0.0,1.0
FCNN-3,0.0,1.0
GNN-4,0.0,1.0
Greedy,0.0,1.0
SCITE,0.0,1.0
FCNN-3,0.0,0.9428
GNN-4,0.0,0.9625
Greedy,0.0,0.9428
SCITE,0.0,1.0
FCNN-3,0.0,1.0
GNN-4,0.0,0.9098
Greedy,0.0,1.0
SCITE,0.0,1.0
FCNN-3,0.0,1.0
GNN-4,0.0,0.9615
Greedy,0.0,1.0
SCITE,0.0,1.0
FCNN-3,0.0,0.9822
GNN-4,0.0,0.796
Greedy,0.0,0.9822
SCITE,0.0,1.0
FCNN-3,0.0,1.0
GNN-4,0.0,1.0
Greedy,0.0,1.0
SCITE,0.0,1.0
FCNN-3,0.0,1.0
GNN-4,0.0,1.0
Greedy,0.0,0.9805
SCITE,0.0,1.0
FCNN-3,0.0,0.9725
GNN-4,0.0,1.0
Greedy,0.0,0.9725
SCITE,0.0,1.0
FCNN-3,0.0,0.9559
GNN-4,0.0,0.9242
Greedy,0.0,0.9411
SCITE,0.0,1.0
FCNN-3,0.0,0.9712
GNN-4,0.0,1.0
Greedy,0.0,0.9547
SCITE,0.0,1.0
FCNN-3,0.0,1.0
GNN-4,0.0,1.0
Greedy,0.0,0.962
SCITE,0.0,1.0
FCNN-3,0.0,1.0
GNN-4,0.0,1.0
Greedy,0.0,0.8741
SCITE,0.0,1.0
FCNN-3,0.0,0.8955
GNN-4,0.0,0.9753
Greedy,0.0,0.8586
SCITE,0.0,1.0
FCNN-3,0.0,1.0
GNN-4,0.0,0.7259
Greedy,0.0,1.0
SCITE,0.0,1.0
FCNN-3,0.0,0.9617
GNN-4,0.0,0.9771
Greedy,0.0,0.9193
SCITE,0.0,1.0
FCNN-3,0.0,0.9666
GNN-4,0.0,0.927
Greedy,0.0,0.9
SCITE,0.0,1.0
FCNN-3,0.0,1.0
GNN-4,0.0,1.0
Greedy,0.0,1.0
SCITE,0.0,1.0
FCNN-3,0.0,1.0
GNN-4,0.0,1.0
Greedy,0.0,1.0
SCITE,0.0,1.0
FCNN-3,0.0,0.7706
GNN-4,0.0,1.0
Greedy,0.0,0.7706
SCITE,0.0,1.0
FCNN-3,0.0,1.0
GNN-4,0.0,1.0
Greedy,0.0,1.0
SCITE,0.0,1.0
FCNN-3,0.0,0.8772
GNN-4,0.0,0.9665
Greedy,0.0,0.8772
SCITE,0.0,1.0
FCNN-3,0.0,0.9601
GNN-4,0.0,1.0
Greedy,0.0,1.0
SCITE,0.0,1.0
FCNN-3,0.0,0.9723
GNN-4,0.0,1.0
Greedy,0.0,0.9723
SCITE,0.0,1.0
FCNN-3,0.0,1.0
GNN-4,0.0,0.9544
Greedy,0.0,0.9027
SCITE,0.0,1.0
FCNN-3,0.0,1.0
GNN-4,0.0,1.0
Greedy,0.0,0.786
SCITE,0.0,1.0
FCNN-3,0.0,1.0
GNN-4,0.0,1.0
Greedy,0.0,0.9687
SCITE,0.0,1.0
FCNN-3,0.0,1.0
GNN-4,0.0,0.8921
Greedy,0.0,0.9758
SCITE,0.0,1.0
FCNN-3,0.0,1.0
GNN-4,0.0,0.9325
Greedy,0.0,0.7927
SCITE,0.0,1.0
FCNN-3,0.0,1.0
GNN-4,0.0,1.0
Greedy,0.0,1.0
SCITE,0.0,1.0
FCNN-3,0.0,1.0
GNN-4,0.0,1.0
Greedy,0.0,1.0
SCITE,0.0,1.0
FCNN-3,0.0,1.0
GNN-4,0.0,0.9044
Greedy,0.0,1.0
SCITE,0.0,1.0
FCNN-3,0.0,1.0
GNN-4,0.0,1.0
Greedy,0.0,0.8199
SCITE,0.0,1.0
FCNN-3,0.0,1.0
GNN-4,0.0,0.9726
Greedy,0.0,1.0
SCITE,0.0,1.0
FCNN-3,0.0,1.0
GNN-4,0.0,0.9908
Greedy,0.0,0.8988
SCITE,0.0,1.0
FCNN-3,0.0,0.978
GNN-4,0.0,0.9369
Greedy,0.0,0.9654
SCITE,0.0,1.0
FCNN-3,0.0,1.0
GNN-4,0.0,0.9727
Greedy,0.0,0.8743
SCITE,0.0,1.0
FCNN-3,0.0,1.0
GNN-4,0.0,0.9066
Greedy,0.0,1.0
SCITE,0.0,1.0
FCNN-3,0.0,0.9441
GNN-4,0.0,0.9558
Greedy,0.0,0.7682
SCITE,0.0,1.0
FCNN-3,0.0,0.7432
GNN-4,0.0,0.993
Greedy,0.0,0.7469
SCITE,0.0,1.0
FCNN-3,0.0,1.0
GNN-4,0.0,0.9179
Greedy,0.0,0.9653
SCITE,0.0,1.0
FCNN-3,0.0,0.9661
GNN-4,0.0,1.0
Greedy,0.0,0.8513
SCITE,0.0,1.0
FCNN-3,0.0,1.0
GNN-4,0.0,1.0
Greedy,0.0,0.9282
SCITE,0.0,1.0
FCNN-3,0.0,1.0
GNN-4,0.0,1.0
Greedy,0.0,1.0
SCITE,0.0,1.0
FCNN-3,0.0,0.9926
GNN-4,0.0,0.7947
Greedy,0.0,0.7893
SCITE,0.0,1.0
FCNN-3,0.0,0.9519
GNN-4,0.0,1.0
Greedy,0.0,0.9639
SCITE,0.0,1.0
FCNN-3,0.0,1.0
GNN-4,0.0,1.0
Greedy,0.0,1.0
SCITE,0.0,1.0
FCNN-3,0.0,1.0
GNN-4,0.0,0.9522
Greedy,0.0,1.0
SCITE,0.0,1.0
FCNN-3,0.0,1.0
GNN-4,0.0,0.8083
Greedy,0.0,0.9209
SCITE,0.0,1.0
FCNN-3,0.0,1.0
GNN-4,0.0,0.9129
Greedy,0.0,0.9543
SCITE,0.0,1.0
FCNN-3,0.0,0.9602
GNN-4,0.0,0.9757
Greedy,0.0,0.9115
SCITE,0.0,1.0
FCNN-3,0.0,0.9096
GNN-4,0.0,1.0
Greedy,0.0,0.7661
SCITE,0.0,1.0
FCNN-3,0.0,1.0
GNN-4,0.0,0.9834
Greedy,0.0,1.0
SCITE,0.0,1.0
FCNN-3,0.0,1.0
GNN-4,0.0,1.0
Greedy,0.0,1.0
SCITE,0.0,1.0
FCNN-3,0.0,1.0
GNN-4,0.0,0.9169
Greedy,0.0,1.0
SCITE,0.0,1.0
FCNN-3,0.0,1.0
GNN-4,0.0,0.913
Greedy,0.0,0.9545
SCITE,0.0,1.0
FCNN-3,0.0,1.0
GNN-4,0.0,0.9262
Greedy,0.0,0.7529
SCITE,0.0,1.0
FCNN-3,0.0,0.9655
GNN-4,0.0,0.8418
Greedy,0.0,0.9138
SCITE,0.0,1.0
FCNN-3,0.0,1.0
GNN-4,0.0,1.0
Greedy,0.0,1.0
SCITE,0.0,1.0
FCNN-3,0.0,1.0
GNN-4,0.0,0.9793
Greedy,0.0,1.0
SCITE,0.0,1.0
FCNN-3,0.0,0.9765
GNN-4,0.0,1.0
Greedy,0.0,0.9765
SCITE,0.0,1.0
FCNN-3,0.0,0.9722
GNN-4,0.0,0.7712
Greedy,0.0,0.9722
SCITE,0.0,1.0
FCNN-3,0.0,1.0
GNN-4,0.0,1.0
Greedy,0.0,0.797
SCITE,0.0,1.0
FCNN-3,0.0,0.8254
GNN-4,0.0,0.9089
Greedy,0.0,0.6974
SCITE,0.0,1.0
FCNN-3,0.0,1.0
GNN-4,0.0,1.0
Greedy,0.0,1.0
SCITE,0.0,1.0
FCNN-3,0.0,0.8282
GNN-4,0.0,0.9862
Greedy,0.0,0.8282
SCITE,0.0,1.0
FCNN-3,0.0,1.0
GNN-4,0.0,1.0
Greedy,0.0,0.8842
SCITE,0.0,1.0
FCNN-3,0.0,1.0
GNN-4,0.0,1.0
Greedy,0.0,0.9209
SCITE,0.0,1.0
FCNN-3,0.0,1.0
GNN-4,0.0,0.9751
Greedy,0.0,0.9238
SCITE,0.0,1.0
FCNN-3,0.0,1.0
GNN-4,0.0,1.0
Greedy,0.0,0.9795
SCITE,0.0,1.0
FCNN-3,0.0,0.7674
GNN-4,0.0,0.9947
Greedy,0.0,0.73
SCITE,0.0,1.0
FCNN-3,0.0,1.0
GNN-4,0.0,1.0
Greedy,0.0,1.0
SCITE,0.0,1.0
FCNN-3,0.0,1.0
GNN-4,0.0,1.0
Greedy,0.0,1.0
SCITE,0.0,1.0
FCNN-3,0.0,0.9503
GNN-4,0.0,0.973
Greedy,0.0,0.8738
SCITE,0.0,1.0
FCNN-3,0.0,0.9861
GNN-4,0.0,0.8363
Greedy,0.0,0.9479
SCITE,0.0,1.0
FCNN-3,0.0,0.9333
GNN-4,0.0,0.8
Greedy,0.0,0.839
SCITE,0.0,1.0
FCNN-3,0.0,0.7536
GNN-4,0.0,0.6648
Greedy,0.0,0.9541
SCITE,0.0,1.0
FCNN-3,0.0,0.9925
GNN-4,0.0,0.9622
Greedy,0.0,0.9648
SCITE,0.0,1.0
FCNN-3,0.0,0.9574
GNN-4,0.0,0.7773
Greedy,0.0,0.9313
SCITE,0.0,1.0
FCNN-3,0.0,0.9437
GNN-4,0.0,1.0
Greedy,0.0,0.9625
SCITE,0.0,1.0
FCNN-3,0.0,0.7551
GNN-4,0.0,0.9699
Greedy,0.0,0.713
SCITE,0.0,1.0
FCNN-3,0.0,1.0
GNN-4,0.0,1.0
Greedy,0.0,1.0
SCITE,0.0,1.0
FCNN-3,0.0,1.0
GNN-4,0.0,0.9815
Greedy,0.0,0.9759
SCITE,0.0,1.0
FCNN-3,0.0,0.9496
GNN-4,0.0,0.9441
Greedy,0.0,0.9385
SCITE,0.0,1.0
FCNN-3,0.0,1.0
GNN-4,0.0,1.0
Greedy,0.0,1.0
SCITE,0.0,1.0
FCNN-3,0.0,0.9727
GNN-4,0.0,1.0
Greedy,0.0,0.9727
SCITE,0.0,1.0
FCNN-3,0.0,1.0
GNN-4,0.0,0.8216
Greedy,0.0,0.9528
SCITE,0.0,1.0
FCNN-3,0.0,0.8868
GNN-4,0.0,1.0
Greedy,0.0,0.8868
SCITE,0.0,1.0
FCNN-3,0.0,0.9251
GNN-4,0.0,0.959
Greedy,0.0,0.9251
SCITE,0.0,1.0
FCNN-3,0.0,0.9554
GNN-4,0.0,0.784
Greedy,0.0,0.7982
SCITE,0.0,1.0
FCNN-3,0.0,0.9479
GNN-4,0.0,0.8088
Greedy,0.0,0.6616
SCITE,0.0,1.0
FCNN-3,0.0,1.0
GNN-4,0.0,0.9536
Greedy,0.0,0.9696
SCITE,0.0,1.0
FCNN-3,0.01,1.0
GNN-4,0.01,1.0
Greedy,0.01,0.9743
SCITE,0.01,1.0
FCNN-3,0.01,1.0
GNN-4,0.01,1.0
Greedy,0.01,1.0
SCITE,0.01,1.0
FCNN-3,0.01,1.0
GNN-4,0.01,0.9627
Greedy,0.01,1.0
SCITE,0.01,1.0
FCNN-3,0.01,1.0
GNN-4,0.01,1.0
Greedy,0.01,1.0
SCITE,0.01,1.0
FCNN-3,0.01,0.9962
GNN-4,0.01,1.0
Greedy,0.01,0.9962
SCITE,0.01,1.0
FCNN-3,0.01,0.9706
GNN-4,0.01,0.9953
Greedy,0.01,0.9706
SCITE,0.01,1.0
FCNN-3,0.01,0.9383
GNN-4,0.01,1.0
Greedy,0.01,0.9383
SCITE,0.01,1.0
FCNN-3,0.01,1.0
GNN-4,0.01,1.0
Greedy,0.01,0.9187
SCITE,0.01,1.0
FCNN-3,0.01,1.0
GNN-4,0.01,0.9933
Greedy,0.01,1.0
SCITE,0.01,1.0
FCNN-3,0.01,1.0
GNN-4,0.01,1.0
Greedy,0.01,1.0
SCITE,0.01,1.0
FCNN-3,0.01,0.9428
GNN-4,0.01,0.9625
Greedy,0.01,0.9428
SCITE,0.01,1.0
FCNN-3,0.01,1.0
GNN-4,0.01,0.9098
Greedy,0.01,1.0
SCITE,0.01,1.0
FCNN-3,0.01,1.0
GNN-4,0.01,0.8054
Greedy,0.01,0.9908
SCITE,0.01,1.0
FCNN-3,0.01,0.9822
GNN-4,0.01,0.796
Greedy,0.01,0.9822
SCITE,0.01,1.0
FCNN-3,0.01,1.0
GNN-4,0.01,1.0
Greedy,0.01,0.9065
SCITE,0.01,1.0
FCNN-3,0.01,1.0
GNN-4,0.01,1.0
Greedy,0.01,1.0
SCITE,0.01,1.0
FCNN-3,0.01,0.9725
GNN-4,0.01,1.0
Greedy,0.01,0.9725
SCITE,0.01,1.0
FCNN-3,0.01,0.9559
GNN-4,0.01,0.9242
Greedy,0.01,0.9411
SCITE,0.01,1.0
FCNN-3,0.01,0.9712
GNN-4,0.01,1.0
Greedy,0.01,0.9547
SCITE,0.01,1.0
FCNN-3,0.01,1.0
GNN-4,0.01,0.9894
Greedy,0.01,0.9894
SCITE,0.01,1.0
FCNN-3,0.01,1.0
GNN-4,0.01,1.0
Greedy,0.01,0.8741
SCITE,0.01,1.0
FCNN-3,0.01,0.8955
GNN-4,0.01,0.9753
Greedy,0.01,0.8586
SCITE,0.01,1.0
FCNN-3,0.01,1.0
GNN-4,0.01,0.7259
Greedy,0.01,1.0
SCITE,0.01,1.0
FCNN-3,0.01,1.0
GNN-4,0.01,0.7626
Greedy,0.01,1.0
SCITE,0.01,1.0
FCNN-3,0.01,0.9666
GNN-4,0.01,0.927
Greedy,0.01,0.9
SCITE,0.01,1.0
FCNN-3,0.01,1.0
GNN-4,0.01,1.0
Greedy,0.01,1.0
SCITE,0.01,1.0
FCNN-3,0.01,1.0
GNN-4,0.01,1.0
Greedy,0.01,1.0
SCITE,0.01,1.0
FCNN-3,0.01,0.7706
GNN-4,0.01,1.0
Greedy,0.01,0.7706
SCITE,0.01,1.0
FCNN-3,0.01,1.0
GNN-4,0.01,1.0
Greedy,0.01,1.0
SCITE,0.01,1.0
FCNN-3,0.01,0.8772
GNN-4,0.01,0.9665
Greedy,0.01,0.8772
SCITE,0.01,1.0
FCNN-3,0.01,1.0
GNN-4,0.01,0.8774
Greedy,0.01,1.0
SCITE,0.01,1.0
FCNN-3,0.01,0.942
GNN-4,0.01,0.9911
Greedy,0.01,0.9208
SCITE,0.01,1.0
FCNN-3,0.01,0.8712
GNN-4,0.01,0.9796
Greedy,0.01,0.8611
SCITE,0.01,1.0
FCNN-3,0.01,1.0
GNN-4,0.01,1.0
Greedy,0.01,0.786
SCITE,0.01,1.0
FCNN-3,0.01,1.0
GNN-4,0.01,1.0
Greedy,0.01,0.9687
SCITE,0.01,1.0
FCNN-3,0.01,1.0
GNN-4,0.01,0.8921
Greedy,0.01,0.9758
SCITE,0.01,1.0
FCNN-3,0.01,1.0
GNN-4,0.01,0.9325
Greedy,0.01,0.7927
SCITE,0.01,1.0
FCNN-3,0.01,1.0
GNN-4,0.01,1.0
Greedy,0.01,1.0
SCITE,0.01,1.0
FCNN-3,0.01,1.0
GNN-4,0.01,0.7745
Greedy,0.01,0.9338
SCITE,0.01,1.0
FCNN-3,0.01,1.0
GNN-4,0.01,0.8792
Greedy,0.01,0.9626
SCITE,0.01,1.0
FCNN-3,0.01,0.9644
GNN-4,0.01,0.84
Greedy,0.01,0.8062
SCITE,0.01,1.0
FCNN-3,0.01,1.0
GNN-4,0.01,0.926
Greedy,0.01,1.0
SCITE,0.01,1.0
FCNN-3,0.01,0.9197
GNN-4,0.01,1.0
Greedy,0.01,0.9197
SCITE,0.01,1.0
FCNN-3,0.01,0.978
GNN-4,0.01,0.9369
Greedy,0.01,0.9654
SCITE,0.01,1.0
FCNN-3,0.01,1.0
GNN-4,0.01,0.9727
Greedy,0.01,0.8743
SCITE,0.01,1.0
FCNN-3,0.01,1.0
GNN-4,0.01,0.9066
Greedy,0.01,1.0
SCITE,0.01,1.0
FCNN-3,0.01,0.9441
GNN-4,0.01,0.9558
Greedy,0.01,0.7682
SCITE,0.01,1.0
FCNN-3,0.01,0.7432
GNN-4,0.01,0.993
Greedy,0.01,0.7469
SCITE,0.01,1.0
FCNN-3,0.01,1.0
GNN-4,0.01,0.9179
Greedy,0.01,0.9653
SCITE,0.01,1.0
FCNN-3,0.01,1.0
GNN-4,0.01,1.0
Greedy,0.01,0.9425
SCITE,0.01,1.0
FCNN-3,0.01,1.0
GNN-4,0.01,1.0
Greedy,0.01,0.9282
SCITE,0.01,1.0
FCNN-3,0.01,1.0
GNN-4,0.01,1.0
Greedy,0.01,0.9719
SCITE,0.01,1.0
FCNN-3,0.01,1.0
GNN-4,0.01,0.8603
Greedy,0.01,0.7706
SCITE,0.01,1.0
FCNN-3,0.01,0.9519
GNN-4,0.01,1.0
Greedy,0.01,0.9639
SCITE,0.01,1.0
FCNN-3,0.01,1.0
GNN-4,0.01,1.0
Greedy,0.01,1.0
SCITE,0.01,1.0
FCNN-3,0.01,1.0
GNN-4,0.01,1.0
Greedy,0.01,1.0
SCITE,0.01,1.0
FCNN-3,0.01,1.0
GNN-4,0.01,0.8083
Greedy,0.01,0.9209
SCITE,0.01,1.0
FCNN-3,0.01,1.0
GNN-4,0.01,0.9129
Greedy,0.01,0.9543
SCITE,0.01,1.0
FCNN-3,0.01,0.9602
GNN-4,0.01,0.9757
Greedy,0.01,0.9115
SCITE,0.01,1.0
FCNN-3,0.01,0.9096
GNN-4,0.01,1.0
Greedy,0.01,0.7661
SCITE,0.01,1.0
FCNN-3,0.01,1.0
GNN-4,0.01,0.9501
Greedy,0.01,1.0
SCITE,0.01,1.0
FCNN-3,0.01,1.0
GNN-4,0.01,1.0
Greedy,0.01,1.0
SCITE,0.01,1.0
FCNN-3,0.01,1.0
GNN-4,0.01,0.9169
Greedy,0.01,1.0
SCITE,0.01,1.0
FCNN-3,0.01,1.0
GNN-4,0.01,0.913
Greedy,0.01,0.9545
SCITE,0.01,1.0
FCNN-3,0.01,1.0
GNN-4,0.01,0.9262
Greedy,0.01,0.7529
SCITE,0.01,1.0
FCNN-3,0.01,0.9655
GNN-4,0.01,0.8418
Greedy,0.01,0.9138
SCITE,0.01,1.0
FCNN-3,0.01,1.0
GNN-4,0.01,1.0
Greedy,0.01,1.0
SCITE,0.01,1.0
FCNN-3,0.01,1.0
GNN-4,0.01,0.9793
Greedy,0.01,1.0
SCITE,0.01,1.0
FCNN-3,0.01,0.9765
GNN-4,0.01,1.0
Greedy,0.01,0.9765
SCITE,0.01,1.0
FCNN-3,0.01,1.0
GNN-4,0.01,0.9383
Greedy,0.01,0.968
SCITE,0.01,1.0
FCNN-3,0.01,1.0
GNN-4,0.01,1.0
Greedy,0.01,0.797
SCITE,0.01,1.0
FCNN-3,0.01,0.8254
GNN-4,0.01,0.9089
Greedy,0.01,0.6974
SCITE,0.01,1.0
FCNN-3,0.01,1.0
GNN-4,0.01,1.0
Greedy,0.01,1.0
SCITE,0.01,1.0
FCNN-3,0.01,0.8282
GNN-4,0.01,0.9862
Greedy,0.01,0.8282
SCITE,0.01,1.0
FCNN-3,0.01,1.0
GNN-4,0.01,1.0
Greedy,0.01,0.8842
SCITE,0.01,1.0
FCNN-3,0.01,1.0
GNN-4,0.01,1.0
Greedy,0.01,0.9209
SCITE,0.01,1.0
FCNN-3,0.01,1.0
GNN-4,0.01,0.9751
Greedy,0.01,0.9238
SCITE,0.01,1.0
FCNN-3,0.01,1.0
GNN-4,0.01,1.0
Greedy,0.01,0.9795
SCITE,0.01,1.0
FCNN-3,0.01,0.7674
GNN-4,0.01,0.9947
Greedy,0.01,0.73
SCITE,0.01,1.0
FCNN-3,0.01,1.0
GNN-4,0.01,1.0
Greedy,0.01,1.0
SCITE,0.01,1.0
FCNN-3,0.01,1.0
GNN-4,0.01,1.0
Greedy,0.01,1.0
SCITE,0.01,1.0
FCNN-3,0.01,0.9503
GNN-4,0.01,0.973
Greedy,0.01,0.8738
SCITE,0.01,1.0
FCNN-3,0.01,1.0
GNN-4,0.01,0.8377
Greedy,0.01,1.0
SCITE,0.01,1.0
FCNN-3,0.01,0.9333
GNN-4,0.01,0.8
Greedy,0.01,0.839
SCITE,0.01,1.0
FCNN-3,0.01,0.9117
GNN-4,0.01,0.9346
Greedy,0.01,0.8341
SCITE,0.01,1.0
FCNN-3,0.01,0.9925
GNN-4,0.01,0.9622
Greedy,0.01,0.9648
SCITE,0.01,1.0
FCNN-3,0.01,0.9632
GNN-4,0.01,0.9686
Greedy,0.01,0.8293
SCITE,0.01,1.0
FCNN-3,0.01,0.9437
GNN-4,0.01,1.0
Greedy,0.01,0.9625
SCITE,0.01,1.0
FCNN-3,0.01,0.7551
GNN-4,0.01,0.9699
Greedy,0.01,0.713
SCITE,0.01,1.0
FCNN-3,0.01,1.0
GNN-4,0.01,1.0
Greedy,0.01,1.0
SCITE,0.01,1.0
FCNN-3,0.01,1.0
GNN-4,0.01,0.9815
Greedy,0.01,0.9759
SCITE,0.01,1.0
FCNN-3,0.01,0.9496
GNN-4,0.01,0.9441
Greedy,0.01,0.9385
SCITE,0.01,1.0
FCNN-3,0.01,1.0
GNN-4,0.01,1.0
Greedy,0.01,1.0
SCITE,0.01,1.0
FCNN-3,0.01,1.0
GNN-4,0.01,1.0
Greedy,0.01,1.0
SCITE,0.01,1.0
FCNN-3,0.01,1.0
GNN-4,0.01,0.8216
Greedy,0.01,0.9528
SCITE,0.01,1.0
FCNN-3,0.01,0.8868
GNN-4,0.01,1.0
Greedy,0.01,0.8868
SCITE,0.01,1.0
FCNN-3,0.01,0.9251
GNN-4,0.01,0.959
Greedy,0.01,0.9251
SCITE,0.01,1.0
FCNN-3,0.01,0.9554
GNN-4,0.01,0.784
Greedy,0.01,0.7982
SCITE,0.01,1.0
FCNN-3,0.01,0.9479
GNN-4,0.01,0.8088
Greedy,0.01,0.6616
SCITE,0.01,1.0
FCNN-3,0.01,1.0
GNN-4,0.01,0.9536
Greedy,0.01,0.9696
SCITE,0.01,1.0
FCNN-3,0.05,1.0
GNN-4,0.05,1.0
Greedy,0.05,0.9743
SCITE,0.05,1.0
FCNN-3,0.05,1.0
GNN-4,0.05,0.5873
Greedy,0.05,1.0
SCITE,0.05,1.0
FCNN-3,0.05,1.0
GNN-4,0.05,0.9624
Greedy,0.05,0.9684
SCITE,0.05,1.0
FCNN-3,0.05,1.0
GNN-4,0.05,1.0
Greedy,0.05,1.0
SCITE,0.05,1.0
FCNN-3,0.05,0.9962
GNN-4,0.05,1.0
Greedy,0.05,0.9962
SCITE,0.05,1.0
FCNN-3,0.05,1.0
GNN-4,0.05,1.0
Greedy,0.05,1.0
SCITE,0.05,1.0
FCNN-3,0.05,0.8942
GNN-4,0.05,1.0
Greedy,0.05,0.8942
SCITE,0.05,1.0
FCNN-3,0.05,0.9519
GNN-4,0.05,0.9487
Greedy,0.05,0.9372
SCITE,0.05,1.0
FCNN-3,0.05,1.0
GNN-4,0.05,1.0
Greedy,0.05,1.0
SCITE,0.05,1.0
FCNN-3,0.05,0.9369
GNN-4,0.05,0.974
Greedy,0.05,0.9054
SCITE,0.05,1.0
FCNN-3,0.05,0.7977
GNN-4,0.05,0.9414
Greedy,0.05,0.7769
SCITE,0.05,1.0
FCNN-3,0.05,1.0
GNN-4,0.05,0.9732
Greedy,0.05,1.0
SCITE,0.05,1.0
FCNN-3,0.05,1.0
GNN-4,0.05,0.9102
Greedy,0.05,1.0
SCITE,0.05,1.0
FCNN-3,0.05,0.9953
GNN-4,0.05,0.8801
Greedy,0.05,0.9953
SCITE,0.05,1.0
FCNN-3,0.05,1.0
GNN-4,0.05,1.0
Greedy,0.05,0.9065
SCITE,0.05,1.0
FCNN-3,0.05,1.0
GNN-4,0.05,1.0
Greedy,0.05,1.0
SCITE,0.05,1.0
FCNN-3,0.05,1.0
GNN-4,0.05,0.9967
Greedy,0.05,0.9616
SCITE,0.05,1.0
FCNN-3,0.05,1.0
GNN-4,0.05,0.9687
Greedy,0.05,0.928
SCITE,0.05,1.0
FCNN-3,0.05,1.0
GNN-4,0.05,0.7769
Greedy,0.05,1.0
SCITE,0.05,1.0
FCNN-3,0.05,1.0
GNN-4,0.05,1.0
Greedy,0.05,1.0
SCITE,0.05,1.0
FCNN-3,0.05,1.0
GNN-4,0.05,1.0
Greedy,0.05,1.0
SCITE,0.05,1.0
FCNN-3,0.05,1.0
GNN-4,0.05,0.9832
Greedy,0.05,1.0
SCITE,0.05,1.0
FCNN-3,0.05,1.0
GNN-4,0.05,1.0
Greedy,0.05,1.0
SCITE,0.05,1.0
FCNN-3,0.05,1.0
GNN-4,0.05,0.7626
Greedy,0.05,1.0
SCITE,0.05,1.0
FCNN-3,0.05,1.0
GNN-4,0.05,0.9762
Greedy,0.05,1.0
SCITE,0.05,1.0
FCNN-3,0.05,1.0
GNN-4,0.05,1.0
Greedy,0.05,1.0
SCITE,0.05,1.0
FCNN-3,0.05,1.0
GNN-4,0.05,0.9531
Greedy,0.05,1.0
SCITE,0.05,1.0
FCNN-3,0.05,0.8857
GNN-4,0.05,0.8466
Greedy,0.05,0.7818
SCITE,0.05,1.0
FCNN-3,0.05,1.0
GNN-4,0.05,1.0
Greedy,0.05,1.0
SCITE,0.05,1.0
FCNN-3,0.05,1.0
GNN-4,0.05,0.992
Greedy,0.05,0.9948
SCITE,0.05,1.0
FCNN-3,0.05,1.0
GNN-4,0.05,0.8774
Greedy,0.05,1.0
SCITE,0.05,1.0
FCNN-3,0.05,0.942
GNN-4,0.05,0.9911
Greedy,0.05,0.9208
SCITE,0.05,1.0
FCNN-3,0.05,0.8712
GNN-4,0.05,0.9796
Greedy,0.05,0.8611
SCITE,0.05,1.0
FCNN-3,0.05,0.9056
GNN-4,0.05,0.8868
Greedy,0.05,0.8679
SCITE,0.05,1.0
FCNN-3,0.05,0.9407
GNN-4,0.05,0.9811
Greedy,0.05,0.9125
SCITE,0.05,1.0
FCNN-3,0.05,1.0
GNN-4,0.05,1.0
Greedy,0.05,0.9659
SCITE,0.05,1.0
FCNN-3,0.05,0.8822
GNN-4,0.05,0.9523
Greedy,0.05,0.7949
SCITE,0.05,1.0
FCNN-3,0.05,1.0
GNN-4,0.05,1.0
Greedy,0.05,1.0
SCITE,0.05,1.0
FCNN-3,0.05,1.0
GNN-4,0.05,0.7745
Greedy,0.05,0.9338
SCITE,0.05,1.0
FCNN-3,0.05,1.0
GNN-4,0.05,0.8792
Greedy,0.05,0.9626
SCITE,0.05,1.0
FCNN-3,0.05,1.0
GNN-4,0.05,1.0
Greedy,0.05,0.8675
SCITE,0.05,1.0
FCNN-3,0.05,1.0
GNN-4,0.05,0.926
Greedy,0.05,1.0
SCITE,0.05,1.0
FCNN-3,0.05,0.9197
GNN-4,0.05,1.0
Greedy,0.05,0.9197
SCITE,0.05,1.0
FCNN-3,0.05,1.0
GNN-4,0.05,1.0
Greedy,0.05,0.8921
SCITE,0.05,1.0
FCNN-3,0.05,0.9888
GNN-4,0.05,0.932
Greedy,0.05,0.7843
SCITE,0.05,1.0
FCNN-3,0.05,1.0
GNN-4,0.05,1.0
Greedy,0.05,1.0
SCITE,0.05,1.0
FCNN-3,0.05,0.907
GNN-4,0.05,0.8044
Greedy,0.05,0.7189
SCITE,0.05,1.0
FCNN-3,0.05,0.7873
GNN-4,0.05,0.9128
Greedy,0.05,0.7873
SCITE,0.05,1.0
FCNN-3,0.05,1.0
GNN-4,0.05,0.8922
Greedy,0.05,1.0
SCITE,0.05,1.0
FCNN-3,0.05,1.0
GNN-4,0.05,1.0
Greedy,0.05,0.9425
SCITE,0.05,1.0
FCNN-3,0.05,1.0
GNN-4,0.05,1.0
Greedy,0.05,1.0
SCITE,0.05,1.0
FCNN-3,0.05,1.0
GNN-4,0.05,1.0
Greedy,0.05,0.9719
SCITE,0.05,1.0
FCNN-3,0.05,1.0
GNN-4,0.05,0.8603
Greedy,0.05,0.7706
SCITE,0.05,1.0
FCNN-3,0.05,1.0
GNN-4,0.05,1.0
Greedy,0.05,1.0
SCITE,0.05,1.0
FCNN-3,0.05,0.9692
GNN-4,0.05,0.923
Greedy,0.05,0.923
SCITE,0.05,1.0
FCNN-3,0.05,1.0
GNN-4,0.05,1.0
Greedy,0.05,1.0
SCITE,0.05,1.0
FCNN-3,0.05,1.0
GNN-4,0.05,1.0
Greedy,0.05,0.9315
SCITE,0.05,1.0
FCNN-3,0.05,0.9418
GNN-4,0.05,0.8872
Greedy,0.05,0.9418
SCITE,0.05,1.0
FCNN-3,0.05,0.9588
GNN-4,0.05,0.9285
Greedy,0.05,0.8507
SCITE,0.05,1.0
FCNN-3,0.05,0.8958
GNN-4,0.05,1.0
Greedy,0.05,0.7836
SCITE,0.05,1.0
FCNN-3,0.05,1.0
GNN-4,0.05,0.9501
Greedy,0.05,1.0
SCITE,0.05,1.0
FCNN-3,0.05,1.0
GNN-4,0.05,0.9638
Greedy,0.05,1.0
SCITE,0.05,1.0
FCNN-3,0.05,1.0
GNN-4,0.05,1.0
Greedy,0.05,1.0
SCITE,0.05,1.0
FCNN-3,0.05,1.0
GNN-4,0.05,1.0
Greedy,0.05,0.8531
SCITE,0.05,1.0
FCNN-3,0.05,0.8323
GNN-4,0.05,0.9434
Greedy,0.05,0.7088
SCITE,0.05,1.0
FCNN-3,0.05,1.0
GNN-4,0.05,0.9809
Greedy,0.05,0.8822
SCITE,0.05,1.0
FCNN-3,0.05,0.9872
GNN-4,0.05,0.9828
Greedy,0.05,0.9872
SCITE,0.05,1.0
FCNN-3,0.05,1.0
GNN-4,0.05,0.9561
Greedy,0.05,1.0
SCITE,0.05,1.0
FCNN-3,0.05,0.9395
GNN-4,0.05,0.9314
Greedy,0.05,0.8791
SCITE,0.05,1.0
FCNN-3,0.05,1.0
GNN-4,0.05,0.9383
Greedy,0.05,0.968
SCITE,0.05,1.0
FCNN-3,0.05,0.9698
GNN-4,0.05,0.9756
Greedy,0.05,0.847
SCITE,0.05,1.0
FCNN-3,0.05,0.9864
GNN-4,0.05,0.9778
Greedy,0.05,0.9001
SCITE,0.05,1.0
FCNN-3,0.05,0.9967
GNN-4,0.05,0.8842
Greedy,0.05,0.9967
SCITE,0.05,1.0
FCNN-3,0.05,0.9938
GNN-4,0.05,0.9954
Greedy,0.05,0.8552
SCITE,0.05,1.0
FCNN-3,0.05,1.0
GNN-4,0.05,1.0
Greedy,0.05,1.0
SCITE,0.05,1.0
FCNN-3,0.05,0.9825
GNN-4,0.05,1.0
Greedy,0.05,0.9825
SCITE,0.05,1.0
FCNN-3,0.05,1.0
GNN-4,0.05,0.9548
Greedy,0.05,1.0
SCITE,0.05,1.0
FCNN-3,0.05,0.916
GNN-4,0.05,0.9641
Greedy,0.05,0.8107
SCITE,0.05,1.0
FCNN-3,0.05,0.8465
GNN-4,0.05,0.8237
Greedy,0.05,0.8608
SCITE,0.05,1.0
FCNN-3,0.05,1.0
GNN-4,0.05,0.9242
Greedy,0.05,1.0
SCITE,0.05,1.0
FCNN-3,0.05,0.9081
GNN-4,0.05,1.0
Greedy,0.05,0.9081
SCITE,0.05,1.0
FCNN-3,0.05,0.9694
GNN-4,0.05,0.995
Greedy,0.05,0.8382
SCITE,0.05,1.0
FCNN-3,0.05,1.0
GNN-4,0.05,0.8377
Greedy,0.05,1.0
SCITE,0.05,1.0
FCNN-3,0.05,1.0
GNN-4,0.05,0.9857
Greedy,0.05,0.918
SCITE,0.05,1.0
FCNN-3,0.05,0.9117
GNN-4,0.05,0.9346
Greedy,0.05,0.8341
SCITE,0.05,1.0
FCNN-3,0.05,0.891
GNN-4,0.05,0.981
Greedy,0.05,0.891
SCITE,0.05,1.0
FCNN-3,0.05,0.977
GNN-4,0.05,0.9079
Greedy,0.05,0.9079
SCITE,0.05,1.0
FCNN-3,0.05,1.0
GNN-4,0.05,1.0
Greedy,0.05,1.0
SCITE,0.05,1.0
FCNN-3,0.05,0.8115
GNN-4,0.05,0.9882
Greedy,0.05,0.7555
SCITE,0.05,1.0
FCNN-3,0.05,0.9729
GNN-4,0.05,0.8989
Greedy,0.05,0.9458
SCITE,0.05,1.0
FCNN-3,0.05,1.0
GNN-4,0.05,0.9753
Greedy,0.05,0.8923
SCITE,0.05,1.0
FCNN-3,0.05,0.8853
GNN-4,0.05,1.0
Greedy,0.05,0.9329
SCITE,0.05,1.0
FCNN-3,0.05,0.9871
GNN-4,0.05,0.9242
Greedy,0.05,0.9871
SCITE,0.05,1.0
FCNN-3,0.05,1.0
GNN-4,0.05,1.0
Greedy,0.05,1.0
SCITE,0.05,1.0
FCNN-3,0.05,0.9052
GNN-4,0.05,1.0
Greedy,0.05,0.9052
SCITE,0.05,1.0
FCNN-3,0.05,0.8099
GNN-4,0.05,0.9913
Greedy,0.05,0.8099
SCITE,0.05,1.0
FCNN-3,0.05,1.0
GNN-4,0.05,0.9826
Greedy,0.05,0.8743
SCITE,0.05,1.0
FCNN-3,0.05,0.9202
GNN-4,0.05,0.9051
Greedy,0.05,0.7984
SCITE,0.05,1.0
FCNN-3,0.05,0.7577
GNN-4,0.05,0.8472
Greedy,0.05,0.692
SCITE,0.05,1.0
FCNN-3,0.05,0.9071
GNN-4,0.05,0.9366
Greedy,0.05,0.8113
SCITE,0.05,1.0
FCNN-3,0.1,1.0
GNN-4,0.1,0.969
Greedy,0.1,1.0
SCITE,0.1,1.0
FCNN-3,0.1,1.0
GNN-4,0.1,1.0
Greedy,0.1,1.0
SCITE,0.1,1.0
FCNN-3,0.1,1.0
GNN-4,0.1,1.0
Greedy,0.1,1.0
SCITE,0.1,1.0
FCNN-3,0.1,1.0
GNN-4,0.1,1.0
Greedy,0.1,1.0
SCITE,0.1,1.0
FCNN-3,0.1,1.0
GNN-4,0.1,1.0
Greedy,0.1,1.0
SCITE,0.1,1.0
FCNN-3,0.1,1.0
GNN-4,0.1,0.9834
Greedy,0.1,0.9872
SCITE,0.1,1.0
FCNN-3,0.1,0.9913
GNN-4,0.1,1.0
Greedy,0.1,0.9913
SCITE,0.1,1.0
FCNN-3,0.1,0.8058
GNN-4,0.1,0.9021
Greedy,0.1,0.7445
SCITE,0.1,1.0
FCNN-3,0.1,1.0
GNN-4,0.1,1.0
Greedy,0.1,1.0
SCITE,0.1,1.0
FCNN-3,0.1,1.0
GNN-4,0.1,0.9404
Greedy,0.1,1.0
SCITE,0.1,1.0
FCNN-3,0.1,0.9715
GNN-4,0.1,0.7945
Greedy,0.1,0.9715
SCITE,0.1,1.0
FCNN-3,0.1,1.0
GNN-4,0.1,0.9732
Greedy,0.1,1.0
SCITE,0.1,1.0
FCNN-3,0.1,1.0
GNN-4,0.1,0.9102
Greedy,0.1,1.0
SCITE,0.1,1.0
FCNN-3,0.1,0.9953
GNN-4,0.1,0.8801
Greedy,0.1,0.9953
SCITE,0.1,1.0
FCNN-3,0.1,1.0
GNN-4,0.1,0.9118
Greedy,0.1,0.8881
SCITE,0.1,1.0
FCNN-3,0.1,1.0
GNN-4,0.1,0.8695
Greedy,0.1,0.9389
SCITE,0.1,1.0
FCNN-3,0.1,1.0
GNN-4,0.1,0.9967
Greedy,0.1,0.9616
SCITE,0.1,1.0
FCNN-3,0.1,1.0
GNN-4,0.1,0.8615
Greedy,0.1,0.9821
SCITE,0.1,1.0
FCNN-3,0.1,0.9757
GNN-4,0.1,0.6701
Greedy,0.1,0.9757
SCITE,0.1,1.0
FCNN-3,0.1,1.0
GNN-4,0.1,0.8943
Greedy,0.1,0.9514
SCITE,0.1,1.0
FCNN-3,0.1,0.9502
GNN-4,0.1,0.9712
Greedy,0.1,0.9108
SCITE,0.1,1.0
FCNN-3,0.1,0.9708
GNN-4,0.1,0.9539
Greedy,0.1,0.841
SCITE,0.1,1.0
FCNN-3,0.1,1.0
GNN-4,0.1,1.0
Greedy,0.1,1.0
SCITE,0.1,1.0
FCNN-3,0.1,1.0
GNN-4,0.1,0.8526
Greedy,0.1,1.0
SCITE,0.1,1.0
FCNN-3,0.1,0.9917
GNN-4,0.1,0.9971
Greedy,0.1,0.9298
SCITE,0.1,1.0
FCNN-3,0.1,1.0
GNN-4,0.1,1.0
Greedy,0.1,1.0
SCITE,0.1,1.0
FCNN-3,0.1,1.0
GNN-4,0.1,1.0
Greedy,0.1,1.0
SCITE,0.1,1.0
FCNN-3,0.1,1.0
GNN-4,0.1,0.9326
Greedy,0.1,0.8471
SCITE,0.1,1.0
FCNN-3,0.1,1.0
GNN-4,0.1,0.9313
Greedy,0.1,0.9481
SCITE,0.1,1.0
FCNN-3,0.1,0.9772
GNN-4,0.1,1.0
Greedy,0.1,0.9772
SCITE,0.1,1.0
FCNN-3,0.1,1.0
GNN-4,0.1,1.0
Greedy,0.1,1.0
SCITE,0.1,1.0
FCNN-3,0.1,0.9591
GNN-4,0.1,1.0
Greedy,0.1,0.9341
SCITE,0.1,1.0
FCNN-3,0.1,1.0
GNN-4,0.1,1.0
Greedy,0.1,0.9229
SCITE,0.1,1.0
FCNN-3,0.1,1.0
GNN-4,0.1,0.9852
Greedy,0.1,0.8987
SCITE,0.1,1.0
FCNN-3,0.1,0.9895
GNN-4,0.1,0.8852
Greedy,0.1,0.8423
SCITE,0.1,1.0
FCNN-3,0.1,1.0
GNN-4,0.1,1.0
Greedy,0.1,0.9659
SCITE,0.1,1.0
FCNN-3,0.1,0.8062
GNN-4,0.1,0.8186
Greedy,0.1,0.7782
SCITE,0.1,1.0
FCNN-3,0.1,1.0
GNN-4,0.1,1.0
Greedy,0.1,1.0
SCITE,0.1,1.0
FCNN-3,0.1,1.0
GNN-4,0.1,0.9576
Greedy,0.1,1.0
SCITE,0.1,1.0
FCNN-3,0.1,1.0
GNN-4,0.1,0.7183
Greedy,0.1,1.0
SCITE,0.1,1.0
FCNN-3,0.1,1.0
GNN-4,0.1,1.0
Greedy,0.1,0.8675
SCITE,0.1,1.0
FCNN-3,0.1,1.0
GNN-4,0.1,1.0
Greedy,0.1,1.0
SCITE,0.1,1.0
FCNN-3,0.1,1.0
GNN-4,0.1,0.8243
Greedy,0.1,0.906
SCITE,0.1,1.0
FCNN-3,0.1,1.0
GNN-4,0.1,0.9606
Greedy,0.1,1.0
SCITE,0.1,1.0
FCNN-3,0.1,0.9482
GNN-4,0.1,0.9807
Greedy,0.1,0.7943
SCITE,0.1,1.0
FCNN-3,0.1,1.0
GNN-4,0.1,1.0
Greedy,0.1,1.0
SCITE,0.1,1.0
FCNN-3,0.1,0.8605
GNN-4,0.1,0.8082
Greedy,0.1,0.7654
SCITE,0.1,1.0
FCNN-3,0.1,0.7873
GNN-4,0.1,0.9128
Greedy,0.1,0.7873
SCITE,0.1,1.0
FCNN-3,0.1,1.0
GNN-4,0.1,0.9211
Greedy,0.1,0.9883
SCITE,0.1,1.0
FCNN-3,0.1,1.0
GNN-4,0.1,1.0
Greedy,0.1,0.9715
SCITE,0.1,1.0
FCNN-3,0.1,1.0
GNN-4,0.1,1.0
Greedy,0.1,1.0
SCITE,0.1,1.0
FCNN-3,0.1,0.9405
GNN-4,0.1,0.9977
Greedy,0.1,0.9493
SCITE,0.1,1.0
FCNN-3,0.1,1.0
GNN-4,0.1,0.7796
Greedy,0.1,0.9613
SCITE,0.1,1.0
FCNN-3,0.1,1.0
GNN-4,0.1,0.9351
Greedy,0.1,0.9882
SCITE,0.1,1.0
FCNN-3,0.1,1.0
GNN-4,0.1,1.0
Greedy,0.1,1.0
SCITE,0.1,1.0
FCNN-3,0.1,1.0
GNN-4,0.1,1.0
Greedy,0.1,1.0
SCITE,0.1,1.0
FCNN-3,0.1,0.9615
GNN-4,0.1,0.8156
Greedy,0.1,0.822
SCITE,0.1,1.0
FCNN-3,0.1,0.9418
GNN-4,0.1,0.8872
Greedy,0.1,0.9418
SCITE,0.1,1.0
FCNN-3,0.1,0.9976
GNN-4,0.1,1.0
Greedy,0.1,0.9096
SCITE,0.1,1.0
FCNN-3,0.1,0.9528
GNN-4,0.1,1.0
Greedy,0.1,0.7629
SCITE,0.1,1.0
FCNN-3,0.1,1.0
GNN-4,0.1,1.0
Greedy,0.1,1.0
SCITE,0.1,1.0
FCNN-3,0.1,1.0
GNN-4,0.1,0.9674
Greedy,0.1,1.0
SCITE,0.1,1.0
FCNN-3,0.1,1.0
GNN-4,0.1,0.9802
Greedy,0.1,1.0
SCITE,0.1,1.0
FCNN-3,0.1,1.0
GNN-4,0.1,1.0
Greedy,0.1,1.0
SCITE,0.1,1.0
FCNN-3,0.1,0.9138
GNN-4,0.1,0.9718
Greedy,0.1,0.7877
SCITE,0.1,1.0
FCNN-3,0.1,0.965
GNN-4,0.1,1.0
Greedy,0.1,0.9422
SCITE,0.1,1.0
FCNN-3,0.1,1.0
GNN-4,0.1,1.0
Greedy,0.1,0.9901
SCITE,0.1,1.0
FCNN-3,0.1,1.0
GNN-4,0.1,1.0
Greedy,0.1,1.0
SCITE,0.1,1.0
FCNN-3,0.1,1.0
GNN-4,0.1,0.9977
Greedy,0.1,0.8289
SCITE,0.1,1.0
FCNN-3,0.1,0.9765
GNN-4,0.1,0.8932
Greedy,0.1,0.9765
SCITE,0.1,1.0
FCNN-3,0.1,0.9649
GNN-4,0.1,0.9798
Greedy,0.1,0.9313
SCITE,0.1,1.0
FCNN-3,0.1,0.9862
GNN-4,0.1,0.9942
Greedy,0.1,0.7795
SCITE,0.1,1.0
FCNN-3,0.1,0.9967
GNN-4,0.1,0.8842
Greedy,0.1,0.9967
SCITE,0.1,1.0
FCNN-3,0.1,0.9552
GNN-4,0.1,0.8546
Greedy,0.1,0.9106
SCITE,0.1,1.0
FCNN-3,0.1,1.0
GNN-4,0.1,1.0
Greedy,0.1,1.0
SCITE,0.1,1.0
FCNN-3,0.1,0.9619
GNN-4,0.1,0.9979
Greedy,0.1,0.8516
SCITE,0.1,1.0
FCNN-3,0.1,1.0
GNN-4,0.1,0.9835
Greedy,0.1,0.986
SCITE,0.1,1.0
FCNN-3,0.1,0.9917
GNN-4,0.1,0.9833
Greedy,0.1,0.7879
SCITE,0.1,1.0
FCNN-3,0.1,0.8465
GNN-4,0.1,0.8237
Greedy,0.1,0.8608
SCITE,0.1,1.0
FCNN-3,0.1,1.0
GNN-4,0.1,0.9242
Greedy,0.1,1.0
SCITE,0.1,1.0
FCNN-3,0.1,1.0
GNN-4,0.1,1.0
Greedy,0.1,1.0
SCITE,0.1,1.0
FCNN-3,0.1,0.9694
GNN-4,0.1,0.995
Greedy,0.1,0.8382
SCITE,0.1,1.0
FCNN-3,0.1,1.0
GNN-4,0.1,1.0
Greedy,0.1,1.0
SCITE,0.1,1.0
FCNN-3,0.1,0.8397
GNN-4,0.1,0.9713
Greedy,0.1,0.8187
SCITE,0.1,1.0
FCNN-3,0.1,1.0
GNN-4,0.1,0.9514
Greedy,0.1,0.8933
SCITE,0.1,1.0
FCNN-3,0.1,1.0
GNN-4,0.1,0.8451
Greedy,0.1,1.0
SCITE,0.1,1.0
FCNN-3,0.1,0.977
GNN-4,0.1,0.9079
Greedy,0.1,0.9079
SCITE,0.1,1.0
FCNN-3,0.1,1.0
GNN-4,0.1,1.0
Greedy,0.1,1.0
SCITE,0.1,1.0
FCNN-3,0.1,1.0
GNN-4,0.1,1.0
Greedy,0.1,0.768
SCITE,0.1,1.0
FCNN-3,0.1,0.9423
GNN-4,0.1,0.9756
Greedy,0.1,0.9423
SCITE,0.1,1.0
FCNN-3,0.1,0.9602
GNN-4,0.1,1.0
Greedy,0.1,0.9602
SCITE,0.1,0.9907
FCNN-3,0.1,0.8798
GNN-4,0.1,0.9465
Greedy,0.1,0.8012
SCITE,0.1,1.0
FCNN-3,0.1,0.9216
GNN-4,0.1,1.0
Greedy,0.1,0.9382
SCITE,0.1,1.0
FCNN-3,0.1,1.0
GNN-4,0.1,0.7625
Greedy,0.1,1.0
SCITE,0.1,1.0
FCNN-3,0.1,1.0
GNN-4,0.1,1.0
Greedy,0.1,0.983
SCITE,0.1,1.0
FCNN-3,0.1,0.9584
GNN-4,0.1,1.0
Greedy,0.1,0.9043
SCITE,0.1,1.0
FCNN-3,0.1,0.9516
GNN-4,0.1,1.0
Greedy,0.1,0.942
SCITE,0.1,1.0
FCNN-3,0.1,0.8886
GNN-4,0.1,0.9725
Greedy,0.1,0.7717
SCITE,0.1,1.0
FCNN-3,0.1,0.8259
GNN-4,0.1,0.9175
Greedy,0.1,0.6482
SCITE,0.1,1.0
FCNN-3,0.1,0.9898
GNN-4,0.1,0.9898
Greedy,0.1,0.9003
SCITE,0.1,1.0
FCNN-3,0.2,0.869
GNN-4,0.2,0.9658
Greedy,0.2,0.8576
SCITE,0.2,1.0
FCNN-3,0.2,1.0
GNN-4,0.2,0.8969
Greedy,0.2,0.9625
SCITE,0.2,1.0
FCNN-3,0.2,1.0
GNN-4,0.2,0.9946
Greedy,0.2,0.9455
SCITE,0.2,1.0
FCNN-3,0.2,1.0
GNN-4,0.2,0.9812
Greedy,0.2,1.0
SCITE,0.2,1.0
FCNN-3,0.2,1.0
GNN-4,0.2,0.9588
Greedy,0.2,1.0
SCITE,0.2,1.0
FCNN-3,0.2,1.0
GNN-4,0.2,1.0
Greedy,0.2,0.9496
SCITE,0.2,1.0
FCNN-3,0.2,0.9066
GNN-4,0.2,0.9563
Greedy,0.2,0.8847
SCITE,0.2,1.0
FCNN-3,0.2,1.0
GNN-4,0.2,0.977
Greedy,0.2,0.7751
SCITE,0.2,1.0
FCNN-3,0.2,0.9956
GNN-4,0.2,0.9617
Greedy,0.2,0.9617
SCITE,0.2,1.0
FCNN-3,0.2,1.0
GNN-4,0.2,0.953
Greedy,0.2,1.0
SCITE,0.2,1.0
FCNN-3,0.2,0.8715
GNN-4,0.2,0.94
Greedy,0.2,0.8715
SCITE,0.2,1.0
FCNN-3,0.2,1.0
GNN-4,0.2,1.0
Greedy,0.2,0.8606
SCITE,0.2,1.0
FCNN-3,0.2,1.0
GNN-4,0.2,1.0
Greedy,0.2,1.0
SCITE,0.2,1.0
FCNN-3,0.2,1.0
GNN-4,0.2,0.9096
Greedy,0.2,0.9579
SCITE,0.2,1.0
FCNN-3,0.2,1.0
GNN-4,0.2,1.0
Greedy,0.2,1.0
SCITE,0.2,1.0
FCNN-3,0.2,1.0
GNN-4,0.2,0.8931
Greedy,0.2,1.0
SCITE,0.2,1.0
FCNN-3,0.2,0.9555
GNN-4,0.2,0.9561
Greedy,0.2,0.899
SCITE,0.2,1.0
FCNN-3,0.2,1.0
GNN-4,0.2,0.9571
Greedy,0.2,0.8668
SCITE,0.2,1.0
FCNN-3,0.2,1.0
GNN-4,0.2,0.8893
Greedy,0.2,1.0
SCITE,0.2,1.0
FCNN-3,0.2,1.0
GNN-4,0.2,0.9726
Greedy,0.2,1.0
SCITE,0.2,1.0
FCNN-3,0.2,1.0
GNN-4,0.2,0.8844
Greedy,0.2,1.0
SCITE,0.2,1.0
FCNN-3,0.2,0.9495
GNN-4,0.2,0.9563
Greedy,0.2,0.9403
SCITE,0.2,1.0
FCNN-3,0.2,1.0
GNN-4,0.2,1.0
Greedy,0.2,1.0
SCITE,0.2,1.0
FCNN-3,0.2,1.0
GNN-4,0.2,1.0
Greedy,0.2,1.0
SCITE,0.2,1.0
FCNN-3,0.2,1.0
GNN-4,0.2,0.8638
Greedy,0.2,0.9862
SCITE,0.2,1.0
FCNN-3,0.2,1.0
GNN-4,0.2,1.0
Greedy,0.2,1.0
SCITE,0.2,1.0
FCNN-3,0.2,1.0
GNN-4,0.2,1.0
Greedy,0.2,1.0
SCITE,0.2,1.0
FCNN-3,0.2,1.0
GNN-4,0.2,0.9481
Greedy,0.2,0.812
SCITE,0.2,1.0
FCNN-3,0.2,1.0
GNN-4,0.2,0.923
Greedy,0.2,0.9907
SCITE,0.2,1.0
FCNN-3,0.2,1.0
GNN-4,0.2,1.0
Greedy,0.2,1.0
SCITE,0.2,1.0
FCNN-3,0.2,1.0
GNN-4,0.2,1.0
Greedy,0.2,1.0
SCITE,0.2,1.0
FCNN-3,0.2,0.9721
GNN-4,0.2,0.9899
Greedy,0.2,0.9721
SCITE,0.2,1.0
FCNN-3,0.2,1.0
GNN-4,0.2,1.0
Greedy,0.2,0.8096
SCITE,0.2,1.0
FCNN-3,0.2,0.8966
GNN-4,0.2,0.9924
Greedy,0.2,0.7559
SCITE,0.2,1.0
FCNN-3,0.2,0.9196
GNN-4,0.2,0.9068
Greedy,0.2,0.9196
SCITE,0.2,1.0
FCNN-3,0.2,0.9281
GNN-4,0.2,0.8941
Greedy,0.2,0.9281
SCITE,0.2,1.0
FCNN-3,0.2,0.9875
GNN-4,0.2,0.9875
Greedy,0.2,0.9254
SCITE,0.2,1.0
FCNN-3,0.2,1.0
GNN-4,0.2,1.0
Greedy,0.2,1.0
SCITE,0.2,1.0
FCNN-3,0.2,1.0
GNN-4,0.2,1.0
Greedy,0.2,1.0
SCITE,0.2,1.0
FCNN-3,0.2,1.0
GNN-4,0.2,1.0
Greedy,0.2,1.0
SCITE,0.2,1.0
FCNN-3,0.2,1.0
GNN-4,0.2,0.9582
Greedy,0.2,0.6745
SCITE,0.2,1.0
FCNN-3,0.2,1.0
GNN-4,0.2,0.8752
Greedy,0.2,1.0
SCITE,0.2,1.0
FCNN-3,0.2,0.9777
GNN-4,0.2,1.0
Greedy,0.2,0.9107
SCITE,0.2,1.0
FCNN-3,0.2,1.0
GNN-4,0.2,1.0
Greedy,0.2,0.9585
SCITE,0.2,1.0
FCNN-3,0.2,0.9894
GNN-4,0.2,0.9406
Greedy,0.2,0.8734
SCITE,0.2,1.0
FCNN-3,0.2,1.0
GNN-4,0.2,0.9345
Greedy,0.2,1.0
SCITE,0.2,1.0
FCNN-3,0.2,1.0
GNN-4,0.2,0.9051
Greedy,0.2,0.769
SCITE,0.2,1.0
FCNN-3,0.2,0.7822
GNN-4,0.2,0.9008
Greedy,0.2,0.7368
SCITE,0.2,1.0
FCNN-3,0.2,1.0
GNN-4,0.2,0.9161
Greedy,0.2,1.0
SCITE,0.2,1.0
FCNN-3,0.2,1.0
GNN-4,0.2,0.8812
Greedy,0.2,1.0
SCITE,0.2,1.0
FCNN-3,0.2,1.0
GNN-4,0.2,1.0
Greedy,0.2,0.966
SCITE,0.2,1.0
FCNN-3,0.2,0.9557
GNN-4,0.2,0.9282
Greedy,0.2,0.9286
SCITE,0.2,1.0
FCNN-3,0.2,0.9676
GNN-4,0.2,0.9205
Greedy,0.2,0.8285
SCITE,0.2,1.0
FCNN-3,0.2,1.0
GNN-4,0.2,1.0
Greedy,0.2,0.8922
SCITE,0.2,1.0
FCNN-3,0.2,1.0
GNN-4,0.2,1.0
Greedy,0.2,1.0
SCITE,0.2,1.0
FCNN-3,0.2,1.0
GNN-4,0.2,0.9593
Greedy,0.2,1.0
SCITE,0.2,1.0
FCNN-3,0.2,0.9219
GNN-4,0.2,1.0
Greedy,0.2,0.7697
SCITE,0.2,1.0
FCNN-3,0.2,0.9929
GNN-4,0.2,0.9254
Greedy,0.2,0.9929
SCITE,0.2,1.0
FCNN-3,0.2,0.926
GNN-4,0.2,1.0
Greedy,0.2,0.7983
SCITE,0.2,1.0
FCNN-3,0.2,0.9086
GNN-4,0.2,1.0
Greedy,0.2,0.7809
SCITE,0.2,1.0
FCNN-3,0.2,1.0
GNN-4,0.2,0.9313
Greedy,0.2,1.0
SCITE,0.2,1.0
FCNN-3,0.2,1.0
GNN-4,0.2,0.9859
Greedy,0.2,1.0
SCITE,0.2,1.0
FCNN-3,0.2,1.0
GNN-4,0.2,1.0
Greedy,0.2,1.0
SCITE,0.2,1.0
FCNN-3,0.2,0.8916
GNN-4,0.2,1.0
Greedy,0.2,0.8916
SCITE,0.2,1.0
FCNN-3,0.2,0.8858
GNN-4,0.2,0.9535
Greedy,0.2,0.6931
SCITE,0.2,1.0
FCNN-3,0.2,1.0
GNN-4,0.2,0.9024
Greedy,0.2,0.8898
SCITE,0.2,1.0
FCNN-3,0.2,1.0
GNN-4,0.2,0.8663
Greedy,0.2,1.0
SCITE,0.2,1.0
FCNN-3,0.2,1.0
GNN-4,0.2,1.0
Greedy,0.2,1.0
SCITE,0.2,1.0
FCNN-3,0.2,1.0
GNN-4,0.2,1.0
Greedy,0.2,0.9402
SCITE,0.2,1.0
FCNN-3,0.2,1.0
GNN-4,0.2,0.8708
Greedy,0.2,0.9385
SCITE,0.2,1.0
FCNN-3,0.2,1.0
GNN-4,0.2,0.8772
Greedy,0.2,0.9439
SCITE,0.2,1.0
FCNN-3,0.2,1.0
GNN-4,0.2,0.8322
Greedy,0.2,0.8322
SCITE,0.2,1.0
FCNN-3,0.2,1.0
GNN-4,0.2,1.0
Greedy,0.2,1.0
SCITE,0.2,1.0
FCNN-3,0.2,0.8288
GNN-4,0.2,1.0
Greedy,0.2,0.7764
SCITE,0.2,1.0
FCNN-3,0.2,1.0
GNN-4,0.2,0.877
Greedy,0.2,1.0
SCITE,0.2,1.0
FCNN-3,0.2,1.0
GNN-4,0.2,0.9403
Greedy,0.2,0.9303
SCITE,0.2,1.0
FCNN-3,0.2,1.0
GNN-4,0.2,0.962
Greedy,0.2,0.962
SCITE,0.2,1.0
FCNN-3,0.2,0.9565
GNN-4,0.2,0.93
Greedy,0.2,0.93
SCITE,0.2,1.0
FCNN-3,0.2,0.8635
GNN-4,0.2,0.9288
Greedy,0.2,0.7415
SCITE,0.2,1.0
FCNN-3,0.2,1.0
GNN-4,0.2,0.9946
Greedy,0.2,1.0
SCITE,0.2,1.0
FCNN-3,0.2,0.9827
GNN-4,0.2,0.9181
Greedy,0.2,0.9627
SCITE,0.2,1.0
FCNN-3,0.2,1.0
GNN-4,0.2,0.9414
Greedy,0.2,0.9232
SCITE,0.2,1.0
FCNN-3,0.2,1.0
GNN-4,0.2,1.0
Greedy,0.2,1.0
SCITE,0.2,1.0
FCNN-3,0.2,1.0
GNN-4,0.2,0.9858
Greedy,0.2,0.7858
SCITE,0.2,1.0
FCNN-3,0.2,0.8959
GNN-4,0.2,0.9439
Greedy,0.2,0.9385
SCITE,0.2,1.0
FCNN-3,0.2,0.975
GNN-4,0.2,0.8951
Greedy,0.2,0.9093
SCITE,0.2,1.0
FCNN-3,0.2,0.9906
GNN-4,0.2,0.9717
Greedy,0.2,0.8192
SCITE,0.2,1.0
FCNN-3,0.2,1.0
GNN-4,0.2,1.0
Greedy,0.2,1.0
SCITE,0.2,1.0
FCNN-3,0.2,0.8588
GNN-4,0.2,0.8508
Greedy,0.2,0.724
SCITE,0.2,1.0
FCNN-3,0.2,0.9131
GNN-4,0.2,0.8177
Greedy,0.2,0.9794
SCITE,0.2,1.0
FCNN-3,0.2,0.9375
GNN-4,0.2,0.9659
Greedy,0.2,0.9318
SCITE,0.2,1.0
FCNN-3,0.2,0.9225
GNN-4,0.2,0.9981
Greedy,0.2,0.91
SCITE,0.2,1.0
FCNN-3,0.2,0.9179
GNN-4,0.2,0.9775
Greedy,0.2,0.9179
SCITE,0.2,1.0
FCNN-3,0.2,1.0
GNN-4,0.2,1.0
Greedy,0.2,1.0
SCITE,0.2,1.0
FCNN-3,0.2,0.9159
GNN-4,0.2,0.8819
Greedy,0.2,0.9292
SCITE,0.2,1.0
FCNN-3,0.2,0.9858
GNN-4,0.2,1.0
Greedy,0.2,0.874
SCITE,0.2,1.0
FCNN-3,0.2,1.0
GNN-4,0.2,1.0
Greedy,0.2,1.0
SCITE,0.2,1.0
FCNN-3,0.2,0.9348
GNN-4,0.2,0.9632
Greedy,0.2,0.8229
SCITE,0.2,1.0
FCNN-3,0.2,0.9476
GNN-4,0.2,0.8697
Greedy,0.2,0.8567
SCITE,0.2,1.0
FCNN-3,0.2,0.987
GNN-4,0.2,0.9228
Greedy,0.2,0.8656
SCITE,0.2,1.0
