Method,miss_val,Perf
FCNN-3,0.0,1.0
GNN-4,0.0,0.9358
Greedy,0.0,0.9443
SCITE,0.0,1.0
FCNN-3,0.0,1.0
GNN-4,0.0,0.986
Greedy,0.0,0.9426
SCITE,0.0,1.0
FCNN-3,0.0,0.9572
GNN-4,0.0,0.9797
Greedy,0.0,0.9572
SCITE,0.0,1.0
FCNN-3,0.0,1.0
GNN-4,0.0,0.9754
Greedy,0.0,1.0
SCITE,0.0,1.0
FCNN-3,0.0,0.9023
GNN-4,0.0,0.8913
Greedy,0.0,0.8824
SCITE,0.0,1.0
FCNN-3,0.0,1.0
GNN-4,0.0,0.9317
Greedy,0.0,0.9802
SCITE,0.0,1.0
FCNN-3,0.0,1.0
GNN-4,0.0,0.9912
Greedy,0.0,1.0
SCITE,0.0,1.0
FCNN-3,0.0,1.0
GNN-4,0.0,1.0
Greedy,0.0,1.0
SCITE,0.0,1.0
FCNN-3,0.0,1.0
GNN-4,0.0,1.0
Greedy,0.0,1.0
SCITE,0.0,1.0
FCNN-3,0.0,1.0
GNN-4,0.0,1.0
Greedy,0.0,0.9245
SCITE,0.0,1.0
FCNN-3,0.0,0.9231
GNN-4,0.0,0.8084
Greedy,0.0,0.7803
SCITE,0.0,1.0
FCNN-3,0.0,1.0
GNN-4,0.0,1.0
Greedy,0.0,0.9783
SCITE,0.0,1.0
FCNN-3,0.0,0.9473
GNN-4,0.0,1.0
Greedy,0.0,0.9473
SCITE,0.0,1.0
FCNN-3,0.0,1.0
GNN-4,0.0,1.0
Greedy,0.0,1.0
SCITE,0.0,1.0
FCNN-3,0.0,0.951
GNN-4,0.0,0.9319
Greedy,0.0,0.951
SCITE,0.0,1.0
FCNN-3,0.0,0.8513
GNN-4,0.0,0.9691
Greedy,0.0,0.7987
SCITE,0.0,1.0
FCNN-3,0.0,1.0
GNN-4,0.0,1.0
Greedy,0.0,1.0
SCITE,0.0,1.0
FCNN-3,0.0,0.9974
GNN-4,0.0,0.9875
Greedy,0.0,0.9974
SCITE,0.0,1.0
FCNN-3,0.0,1.0
GNN-4,0.0,0.8666
Greedy,0.0,1.0
SCITE,0.0,1.0
FCNN-3,0.0,1.0
GNN-4,0.0,0.9394
Greedy,0.0,1.0
SCITE,0.0,1.0
FCNN-3,0.0,1.0
GNN-4,0.0,0.9716
Greedy,0.0,0.9492
SCITE,0.0,1.0
FCNN-3,0.0,0.8797
GNN-4,0.0,0.9836
Greedy,0.0,0.8797
SCITE,0.0,1.0
FCNN-3,0.0,0.9605
GNN-4,0.0,0.9683
Greedy,0.0,0.892
SCITE,0.0,1.0
FCNN-3,0.0,1.0
GNN-4,0.0,1.0
Greedy,0.0,0.9536
SCITE,0.0,1.0
FCNN-3,0.0,0.8907
GNN-4,0.0,0.9371
Greedy,0.0,0.8627
SCITE,0.0,1.0
FCNN-3,0.0,1.0
GNN-4,0.0,1.0
Greedy,0.0,0.9911
SCITE,0.0,1.0
FCNN-3,0.0,0.9018
GNN-4,0.0,1.0
Greedy,0.0,0.9684
SCITE,0.0,1.0
FCNN-3,0.0,1.0
GNN-4,0.0,1.0
Greedy,0.0,1.0
SCITE,0.0,1.0
FCNN-3,0.0,0.8665
GNN-4,0.0,1.0
Greedy,0.0,0.7068
SCITE,0.0,1.0
FCNN-3,0.0,0.8589
GNN-4,0.0,0.8377
Greedy,0.0,0.7365
SCITE,0.0,1.0
FCNN-3,0.0,1.0
GNN-4,0.0,1.0
Greedy,0.0,1.0
SCITE,0.0,1.0
FCNN-3,0.0,1.0
GNN-4,0.0,0.9118
Greedy,0.0,1.0
SCITE,0.0,1.0
FCNN-3,0.0,0.9535
GNN-4,0.0,1.0
Greedy,0.0,0.9291
SCITE,0.0,1.0
FCNN-3,0.0,1.0
GNN-4,0.0,1.0
Greedy,0.0,1.0
SCITE,0.0,1.0
FCNN-3,0.0,1.0
GNN-4,0.0,0.8772
Greedy,0.0,1.0
SCITE,0.0,1.0
FCNN-3,0.0,1.0
GNN-4,0.0,0.9684
Greedy,0.0,0.8716
SCITE,0.0,1.0
FCNN-3,0.0,0.7625
GNN-4,0.0,0.9083
Greedy,0.0,0.9108
SCITE,0.0,1.0
FCNN-3,0.0,0.9021
GNN-4,0.0,0.9863
Greedy,0.0,0.9808
SCITE,0.0,1.0
FCNN-3,0.0,0.8907
GNN-4,0.0,1.0
Greedy,0.0,0.9583
SCITE,0.0,1.0
FCNN-3,0.0,0.9854
GNN-4,0.0,0.9798
Greedy,0.0,1.0
SCITE,0.0,1.0
FCNN-3,0.0,1.0
GNN-4,0.0,1.0
Greedy,0.0,0.8625
SCITE,0.0,1.0
FCNN-3,0.0,0.9432
GNN-4,0.0,0.8391
Greedy,0.0,0.9432
SCITE,0.0,1.0
FCNN-3,0.0,1.0
GNN-4,0.0,0.9447
Greedy,0.0,0.9952
SCITE,0.0,1.0
FCNN-3,0.0,0.9495
GNN-4,0.0,1.0
Greedy,0.0,0.9321
SCITE,0.0,1.0
FCNN-3,0.0,0.9896
GNN-4,0.0,1.0
Greedy,0.0,0.9896
SCITE,0.0,1.0
FCNN-3,0.0,0.9334
GNN-4,0.0,0.9445
Greedy,0.0,1.0
SCITE,0.0,1.0
FCNN-3,0.0,1.0
GNN-4,0.0,0.9895
Greedy,0.0,1.0
SCITE,0.0,1.0
FCNN-3,0.0,1.0
GNN-4,0.0,0.9129
Greedy,0.0,0.9816
SCITE,0.0,1.0
FCNN-3,0.0,0.8446
GNN-4,0.0,1.0
Greedy,0.0,0.8973
SCITE,0.0,1.0
FCNN-3,0.0,0.983
GNN-4,0.0,0.983
Greedy,0.0,0.966
SCITE,0.0,1.0
FCNN-3,0.0,1.0
GNN-4,0.0,1.0
Greedy,0.0,1.0
SCITE,0.0,1.0
FCNN-3,0.0,0.7942
GNN-4,0.0,0.9314
Greedy,0.0,0.742
SCITE,0.0,1.0
FCNN-3,0.0,0.9369
GNN-4,0.0,0.9118
Greedy,0.0,0.9369
SCITE,0.0,1.0
FCNN-3,0.0,0.8733
GNN-4,0.0,1.0
Greedy,0.0,0.8733
SCITE,0.0,1.0
FCNN-3,0.0,1.0
GNN-4,0.0,0.932
Greedy,0.0,0.987
SCITE,0.0,1.0
FCNN-3,0.0,0.9881
GNN-4,0.0,0.9179
Greedy,0.0,0.9881
SCITE,0.0,1.0
FCNN-3,0.0,1.0
GNN-4,0.0,0.9895
Greedy,0.0,0.9457
SCITE,0.0,1.0
FCNN-3,0.0,0.9326
GNN-4,0.0,0.8444
Greedy,0.0,0.9326
SCITE,0.0,1.0
FCNN-3,0.0,1.0
GNN-4,0.0,1.0
Greedy,0.0,0.8461
SCITE,0.0,1.0
FCNN-3,0.0,0.9888
GNN-4,0.0,1.0
Greedy,0.0,0.9888
SCITE,0.0,1.0
FCNN-3,0.0,0.9629
GNN-4,0.0,0.9875
Greedy,0.0,0.9629
SCITE,0.0,1.0
FCNN-3,0.0,0.858
GNN-4,0.0,1.0
Greedy,0.0,0.8338
SCITE,0.0,1.0
FCNN-3,0.0,1.0
GNN-4,0.0,1.0
Greedy,0.0,0.8188
SCITE,0.0,1.0
FCNN-3,0.0,1.0
GNN-4,0.0,1.0
Greedy,0.0,1.0
SCITE,0.0,1.0
FCNN-3,0.0,1.0
GNN-4,0.0,0.9816
Greedy,0.0,1.0
SCITE,0.0,1.0
FCNN-3,0.0,1.0
GNN-4,0.0,0.9917
Greedy,0.0,0.9404
SCITE,0.0,1.0
FCNN-3,0.0,0.9582
GNN-4,0.0,0.8578
Greedy,0.0,0.9662
SCITE,0.0,1.0
FCNN-3,0.0,1.0
GNN-4,0.0,1.0
Greedy,0.0,0.8906
SCITE,0.0,1.0
FCNN-3,0.0,0.993
GNN-4,0.0,0.9977
Greedy,0.0,0.8347
SCITE,0.0,1.0
FCNN-3,0.0,0.8714
GNN-4,0.0,1.0
Greedy,0.0,0.8714
SCITE,0.0,1.0
FCNN-3,0.0,0.9458
GNN-4,0.0,1.0
Greedy,0.0,0.9573
SCITE,0.0,1.0
FCNN-3,0.0,1.0
GNN-4,0.0,1.0
Greedy,0.0,1.0
SCITE,0.0,1.0
FCNN-3,0.0,0.766
GNN-4,0.0,0.9469
Greedy,0.0,0.7753
SCITE,0.0,1.0
FCNN-3,0.0,1.0
GNN-4,0.0,1.0
Greedy,0.0,1.0
SCITE,0.0,1.0
FCNN-3,0.0,1.0
GNN-4,0.0,1.0
Greedy,0.0,0.9657
SCITE,0.0,1.0
FCNN-3,0.0,0.9768
GNN-4,0.0,0.9305
Greedy,0.0,0.9411
SCITE,0.0,1.0
FCNN-3,0.0,1.0
GNN-4,0.0,1.0
Greedy,0.0,1.0
SCITE,0.0,1.0
FCNN-3,0.0,0.9347
GNN-4,0.0,0.9298
Greedy,0.0,0.9347
SCITE,0.0,1.0
FCNN-3,0.0,0.8313
GNN-4,0.0,0.9391
Greedy,0.0,0.7948
SCITE,0.0,1.0
FCNN-3,0.0,0.8314
GNN-4,0.0,0.9775
Greedy,0.0,0.8189
SCITE,0.0,1.0
FCNN-3,0.0,0.9163
GNN-4,0.0,0.8657
Greedy,0.0,0.7369
SCITE,0.0,1.0
FCNN-3,0.0,1.0
GNN-4,0.0,1.0
Greedy,0.0,1.0
SCITE,0.0,1.0
FCNN-3,0.0,0.9209
GNN-4,0.0,0.9135
Greedy,0.0,0.8258
SCITE,0.0,1.0
FCNN-3,0.0,0.8853
GNN-4,0.0,0.99
Greedy,0.0,0.8853
SCITE,0.0,1.0
FCNN-3,0.0,0.8359
GNN-4,0.0,1.0
Greedy,0.0,0.8359
SCITE,0.0,1.0
FCNN-3,0.0,1.0
GNN-4,0.0,1.0
Greedy,0.0,1.0
SCITE,0.0,1.0
FCNN-3,0.0,1.0
GNN-4,0.0,0.9504
Greedy,0.0,1.0
SCITE,0.0,1.0
FCNN-3,0.0,1.0
GNN-4,0.0,0.955
Greedy,0.0,0.955
SCITE,0.0,1.0
FCNN-3,0.0,1.0
GNN-4,0.0,0.8098
Greedy,0.0,1.0
SCITE,0.0,1.0
FCNN-3,0.0,1.0
GNN-4,0.0,1.0
Greedy,0.0,1.0
SCITE,0.0,1.0
FCNN-3,0.0,0.9921
GNN-4,0.0,1.0
Greedy,0.0,0.9488
SCITE,0.0,1.0
FCNN-3,0.0,0.949
GNN-4,0.0,1.0
Greedy,0.0,0.949
SCITE,0.0,1.0
FCNN-3,0.0,1.0
GNN-4,0.0,1.0
Greedy,0.0,1.0
SCITE,0.0,1.0
FCNN-3,0.0,1.0
GNN-4,0.0,1.0
Greedy,0.0,1.0
SCITE,0.0,1.0
FCNN-3,0.0,1.0
GNN-4,0.0,0.9504
Greedy,0.0,1.0
SCITE,0.0,1.0
FCNN-3,0.0,1.0
GNN-4,0.0,1.0
Greedy,0.0,1.0
SCITE,0.0,1.0
FCNN-3,0.0,1.0
GNN-4,0.0,0.9726
Greedy,0.0,0.9452
SCITE,0.0,1.0
FCNN-3,0.0,1.0
GNN-4,0.0,0.9601
Greedy,0.0,0.9201
SCITE,0.0,1.0
FCNN-3,0.0,1.0
GNN-4,0.0,0.9665
Greedy,0.0,1.0
SCITE,0.0,1.0
FCNN-3,0.0,1.0
GNN-4,0.0,0.9941
Greedy,0.0,0.9663
SCITE,0.0,1.0
FCNN-3,0.01,1.0
GNN-4,0.01,0.9358
Greedy,0.01,0.9443
SCITE,0.01,1.0
FCNN-3,0.01,1.0
GNN-4,0.01,0.986
Greedy,0.01,0.9426
SCITE,0.01,1.0
FCNN-3,0.01,0.956
GNN-4,0.01,0.9791
Greedy,0.01,0.956
SCITE,0.01,1.0
FCNN-3,0.01,1.0
GNN-4,0.01,0.9754
Greedy,0.01,1.0
SCITE,0.01,1.0
FCNN-3,0.01,0.9023
GNN-4,0.01,0.8913
Greedy,0.01,0.8824
SCITE,0.01,1.0
FCNN-3,0.01,1.0
GNN-4,0.01,0.8145
Greedy,0.01,0.981
SCITE,0.01,1.0
FCNN-3,0.01,1.0
GNN-4,0.01,0.9466
Greedy,0.01,1.0
SCITE,0.01,1.0
FCNN-3,0.01,1.0
GNN-4,0.01,1.0
Greedy,0.01,1.0
SCITE,0.01,1.0
FCNN-3,0.01,1.0
GNN-4,0.01,1.0
Greedy,0.01,1.0
SCITE,0.01,1.0
FCNN-3,0.01,1.0
GNN-4,0.01,1.0
Greedy,0.01,0.9223
SCITE,0.01,1.0
FCNN-3,0.01,0.8602
GNN-4,0.01,0.8083
Greedy,0.01,0.8371
SCITE,0.01,1.0
FCNN-3,0.01,1.0
GNN-4,0.01,1.0
Greedy,0.01,1.0
SCITE,0.01,1.0
FCNN-3,0.01,0.9473
GNN-4,0.01,1.0
Greedy,0.01,0.9473
SCITE,0.01,1.0
FCNN-3,0.01,1.0
GNN-4,0.01,1.0
Greedy,0.01,1.0
SCITE,0.01,1.0
FCNN-3,0.01,0.9529
GNN-4,0.01,0.9346
Greedy,0.01,0.9529
SCITE,0.01,1.0
FCNN-3,0.01,0.8513
GNN-4,0.01,0.9691
Greedy,0.01,0.7987
SCITE,0.01,1.0
FCNN-3,0.01,1.0
GNN-4,0.01,1.0
Greedy,0.01,1.0
SCITE,0.01,1.0
FCNN-3,0.01,0.9974
GNN-4,0.01,0.9875
Greedy,0.01,0.9974
SCITE,0.01,1.0
FCNN-3,0.01,1.0
GNN-4,0.01,0.8666
Greedy,0.01,1.0
SCITE,0.01,1.0
FCNN-3,0.01,1.0
GNN-4,0.01,0.9394
Greedy,0.01,1.0
SCITE,0.01,1.0
FCNN-3,0.01,1.0
GNN-4,0.01,0.9716
Greedy,0.01,0.9492
SCITE,0.01,1.0
FCNN-3,0.01,0.8797
GNN-4,0.01,0.9836
Greedy,0.01,0.8797
SCITE,0.01,1.0
FCNN-3,0.01,0.9605
GNN-4,0.01,0.9683
Greedy,0.01,0.892
SCITE,0.01,1.0
FCNN-3,0.01,1.0
GNN-4,0.01,1.0
Greedy,0.01,0.9536
SCITE,0.01,1.0
FCNN-3,0.01,0.8907
GNN-4,0.01,0.9371
Greedy,0.01,0.8627
SCITE,0.01,1.0
FCNN-3,0.01,1.0
GNN-4,0.01,1.0
Greedy,0.01,0.9911
SCITE,0.01,1.0
FCNN-3,0.01,0.8972
GNN-4,0.01,1.0
Greedy,0.01,0.8958
SCITE,0.01,1.0
FCNN-3,0.01,1.0
GNN-4,0.01,1.0
Greedy,0.01,1.0
SCITE,0.01,1.0
FCNN-3,0.01,0.8674
GNN-4,0.01,1.0
Greedy,0.01,0.7267
SCITE,0.01,1.0
FCNN-3,0.01,0.7802
GNN-4,0.01,0.8745
Greedy,0.01,0.7322
SCITE,0.01,1.0
FCNN-3,0.01,1.0
GNN-4,0.01,1.0
Greedy,0.01,1.0
SCITE,0.01,1.0
FCNN-3,0.01,1.0
GNN-4,0.01,0.9118
Greedy,0.01,1.0
SCITE,0.01,1.0
FCNN-3,0.01,0.9539
GNN-4,0.01,1.0
Greedy,0.01,0.9297
SCITE,0.01,1.0
FCNN-3,0.01,1.0
GNN-4,0.01,1.0
Greedy,0.01,0.9915
SCITE,0.01,1.0
FCNN-3,0.01,1.0
GNN-4,0.01,0.8829
Greedy,0.01,1.0
SCITE,0.01,1.0
FCNN-3,0.01,1.0
GNN-4,0.01,0.9684
Greedy,0.01,0.8716
SCITE,0.01,1.0
FCNN-3,0.01,0.7625
GNN-4,0.01,0.9083
Greedy,0.01,0.9108
SCITE,0.01,1.0
FCNN-3,0.01,0.9021
GNN-4,0.01,0.9863
Greedy,0.01,0.9808
SCITE,0.01,1.0
FCNN-3,0.01,1.0
GNN-4,0.01,0.9463
Greedy,0.01,0.9678
SCITE,0.01,1.0
FCNN-3,0.01,0.9854
GNN-4,0.01,0.9798
Greedy,0.01,1.0
SCITE,0.01,1.0
FCNN-3,0.01,0.8625
GNN-4,0.01,1.0
Greedy,0.01,0.8625
SCITE,0.01,1.0
FCNN-3,0.01,0.9404
GNN-4,0.01,0.9138
Greedy,0.01,0.9404
SCITE,0.01,1.0
FCNN-3,0.01,1.0
GNN-4,0.01,0.9447
Greedy,0.01,0.9952
SCITE,0.01,1.0
FCNN-3,0.01,0.9508
GNN-4,0.01,0.9813
Greedy,0.01,0.9339
SCITE,0.01,1.0
FCNN-3,0.01,0.9896
GNN-4,0.01,1.0
Greedy,0.01,0.9896
SCITE,0.01,1.0
FCNN-3,0.01,0.9334
GNN-4,0.01,0.9445
Greedy,0.01,1.0
SCITE,0.01,1.0
FCNN-3,0.01,1.0
GNN-4,0.01,0.9895
Greedy,0.01,1.0
SCITE,0.01,1.0
FCNN-3,0.01,0.981
GNN-4,0.01,0.9402
Greedy,0.01,0.981
SCITE,0.01,1.0
FCNN-3,0.01,0.8446
GNN-4,0.01,1.0
Greedy,0.01,0.8973
SCITE,0.01,1.0
FCNN-3,0.01,0.968
GNN-4,0.01,0.984
Greedy,0.01,0.952
SCITE,0.01,1.0
FCNN-3,0.01,1.0
GNN-4,0.01,1.0
Greedy,0.01,1.0
SCITE,0.01,1.0
FCNN-3,0.01,0.7987
GNN-4,0.01,0.9329
Greedy,0.01,0.7476
SCITE,0.01,1.0
FCNN-3,0.01,0.9369
GNN-4,0.01,0.9118
Greedy,0.01,0.9369
SCITE,0.01,1.0
FCNN-3,0.01,0.8733
GNN-4,0.01,1.0
Greedy,0.01,0.8733
SCITE,0.01,1.0
FCNN-3,0.01,1.0
GNN-4,0.01,0.9351
Greedy,0.01,0.9854
SCITE,0.01,1.0
FCNN-3,0.01,0.9881
GNN-4,0.01,0.9179
Greedy,0.01,0.9881
SCITE,0.01,1.0
FCNN-3,0.01,1.0
GNN-4,0.01,0.9897
Greedy,0.01,0.9469
SCITE,0.01,1.0
FCNN-3,0.01,0.9326
GNN-4,0.01,0.8444
Greedy,0.01,0.9326
SCITE,0.01,1.0
FCNN-3,0.01,1.0
GNN-4,0.01,1.0
Greedy,0.01,0.8513
SCITE,0.01,1.0
FCNN-3,0.01,1.0
GNN-4,0.01,1.0
Greedy,0.01,1.0
SCITE,0.01,1.0
FCNN-3,0.01,0.9615
GNN-4,0.01,0.9973
Greedy,0.01,0.9615
SCITE,0.01,1.0
FCNN-3,0.01,0.858
GNN-4,0.01,1.0
Greedy,0.01,0.8338
SCITE,0.01,1.0
FCNN-3,0.01,1.0
GNN-4,0.01,1.0
Greedy,0.01,0.8926
SCITE,0.01,1.0
FCNN-3,0.01,1.0
GNN-4,0.01,1.0
Greedy,0.01,0.8466
SCITE,0.01,1.0
FCNN-3,0.01,1.0
GNN-4,0.01,0.9816
Greedy,0.01,1.0
SCITE,0.01,1.0
FCNN-3,0.01,1.0
GNN-4,0.01,0.9917
Greedy,0.01,0.9404
SCITE,0.01,1.0
FCNN-3,0.01,0.9582
GNN-4,0.01,0.8578
Greedy,0.01,0.9662
SCITE,0.01,1.0
FCNN-3,0.01,1.0
GNN-4,0.01,1.0
Greedy,0.01,0.8953
SCITE,0.01,1.0
FCNN-3,0.01,0.993
GNN-4,0.01,0.9977
Greedy,0.01,0.8347
SCITE,0.01,1.0
FCNN-3,0.01,0.8797
GNN-4,0.01,1.0
Greedy,0.01,0.6411
SCITE,0.01,1.0
FCNN-3,0.01,0.9458
GNN-4,0.01,1.0
Greedy,0.01,0.9573
SCITE,0.01,1.0
FCNN-3,0.01,1.0
GNN-4,0.01,1.0
Greedy,0.01,1.0
SCITE,0.01,1.0
FCNN-3,0.01,0.7564
GNN-4,0.01,0.935
Greedy,0.01,0.7655
SCITE,0.01,1.0
FCNN-3,0.01,1.0
GNN-4,0.01,0.9619
Greedy,0.01,1.0
SCITE,0.01,1.0
FCNN-3,0.01,1.0
GNN-4,0.01,1.0
Greedy,0.01,1.0
SCITE,0.01,1.0
FCNN-3,0.01,0.9775
GNN-4,0.01,0.9836
Greedy,0.01,0.943
SCITE,0.01,1.0
FCNN-3,0.01,1.0
GNN-4,0.01,1.0
Greedy,0.01,1.0
SCITE,0.01,1.0
FCNN-3,0.01,0.9347
GNN-4,0.01,0.9298
Greedy,0.01,0.9347
SCITE,0.01,1.0
FCNN-3,0.01,0.8313
GNN-4,0.01,0.9391
Greedy,0.01,0.7948
SCITE,0.01,1.0
FCNN-3,0.01,0.8314
GNN-4,0.01,0.9775
Greedy,0.01,0.8189
SCITE,0.01,1.0
FCNN-3,0.01,0.9163
GNN-4,0.01,0.8657
Greedy,0.01,0.7369
SCITE,0.01,1.0
FCNN-3,0.01,1.0
GNN-4,0.01,1.0
Greedy,0.01,1.0
SCITE,0.01,1.0
FCNN-3,0.01,0.9209
GNN-4,0.01,0.9135
Greedy,0.01,0.8258
SCITE,0.01,1.0
FCNN-3,0.01,0.8853
GNN-4,0.01,0.99
Greedy,0.01,0.8853
SCITE,0.01,1.0
FCNN-3,0.01,0.9543
GNN-4,0.01,1.0
Greedy,0.01,0.8257
SCITE,0.01,1.0
FCNN-3,0.01,1.0
GNN-4,0.01,1.0
Greedy,0.01,1.0
SCITE,0.01,1.0
FCNN-3,0.01,1.0
GNN-4,0.01,0.9504
Greedy,0.01,1.0
SCITE,0.01,1.0
FCNN-3,0.01,1.0
GNN-4,0.01,0.9768
Greedy,0.01,0.9536
SCITE,0.01,1.0
FCNN-3,0.01,0.9753
GNN-4,0.01,0.8318
Greedy,0.01,0.9753
SCITE,0.01,1.0
FCNN-3,0.01,1.0
GNN-4,0.01,1.0
Greedy,0.01,1.0
SCITE,0.01,1.0
FCNN-3,0.01,0.9921
GNN-4,0.01,1.0
Greedy,0.01,0.9488
SCITE,0.01,1.0
FCNN-3,0.01,0.9912
GNN-4,0.01,1.0
Greedy,0.01,0.9912
SCITE,0.01,1.0
FCNN-3,0.01,1.0
GNN-4,0.01,1.0
Greedy,0.01,1.0
SCITE,0.01,1.0
FCNN-3,0.01,1.0
GNN-4,0.01,1.0
Greedy,0.01,1.0
SCITE,0.01,1.0
FCNN-3,0.01,1.0
GNN-4,0.01,0.9504
Greedy,0.01,1.0
SCITE,0.01,1.0
FCNN-3,0.01,1.0
GNN-4,0.01,1.0
Greedy,0.01,1.0
SCITE,0.01,1.0
FCNN-3,0.01,1.0
GNN-4,0.01,0.9726
Greedy,0.01,0.9452
SCITE,0.01,1.0
FCNN-3,0.01,1.0
GNN-4,0.01,0.9601
Greedy,0.01,0.9201
SCITE,0.01,1.0
FCNN-3,0.01,0.9274
GNN-4,0.01,1.0
Greedy,0.01,0.9274
SCITE,0.01,1.0
FCNN-3,0.01,1.0
GNN-4,0.01,0.9943
Greedy,0.01,0.9673
SCITE,0.01,1.0
FCNN-3,0.05,1.0
GNN-4,0.05,1.0
Greedy,0.05,0.9652
SCITE,0.05,1.0
FCNN-3,0.05,0.9626
GNN-4,0.05,1.0
Greedy,0.05,0.9626
SCITE,0.05,1.0
FCNN-3,0.05,0.956
GNN-4,0.05,0.961
Greedy,0.05,0.956
SCITE,0.05,1.0
FCNN-3,0.05,1.0
GNN-4,0.05,0.851
Greedy,0.05,1.0
SCITE,0.05,1.0
FCNN-3,0.05,0.9003
GNN-4,0.05,0.8411
Greedy,0.05,0.9003
SCITE,0.05,0.9901
FCNN-3,0.05,1.0
GNN-4,0.05,1.0
Greedy,0.05,0.9793
SCITE,0.05,1.0
FCNN-3,0.05,1.0
GNN-4,0.05,1.0
Greedy,0.05,1.0
SCITE,0.05,1.0
FCNN-3,0.05,1.0
GNN-4,0.05,1.0
Greedy,0.05,1.0
SCITE,0.05,1.0
FCNN-3,0.05,1.0
GNN-4,0.05,1.0
Greedy,0.05,1.0
SCITE,0.05,1.0
FCNN-3,0.05,0.9917
GNN-4,0.05,1.0
Greedy,0.05,0.9917
SCITE,0.05,1.0
FCNN-3,0.05,0.8915
GNN-4,0.05,0.8286
Greedy,0.05,0.8263
SCITE,0.05,1.0
FCNN-3,0.05,1.0
GNN-4,0.05,1.0
Greedy,0.05,1.0
SCITE,0.05,1.0
FCNN-3,0.05,0.9451
GNN-4,0.05,0.8659
Greedy,0.05,0.9451
SCITE,0.05,1.0
FCNN-3,0.05,1.0
GNN-4,0.05,1.0
Greedy,0.05,1.0
SCITE,0.05,1.0
FCNN-3,0.05,0.9515
GNN-4,0.05,1.0
Greedy,0.05,0.9515
SCITE,0.05,1.0
FCNN-3,0.05,0.8634
GNN-4,0.05,0.9769
Greedy,0.05,0.8298
SCITE,0.05,1.0
FCNN-3,0.05,1.0
GNN-4,0.05,1.0
Greedy,0.05,1.0
SCITE,0.05,1.0
FCNN-3,0.05,1.0
GNN-4,0.05,0.9576
Greedy,0.05,1.0
SCITE,0.05,1.0
FCNN-3,0.05,0.9793
GNN-4,0.05,0.9916
Greedy,0.05,0.9793
SCITE,0.05,1.0
FCNN-3,0.05,1.0
GNN-4,0.05,0.9805
Greedy,0.05,1.0
SCITE,0.05,1.0
FCNN-3,0.05,1.0
GNN-4,0.05,0.9564
Greedy,0.05,0.9542
SCITE,0.05,1.0
FCNN-3,0.05,0.8797
GNN-4,0.05,0.9836
Greedy,0.05,0.8797
SCITE,0.05,1.0
FCNN-3,0.05,1.0
GNN-4,0.05,0.9812
Greedy,0.05,0.922
SCITE,0.05,1.0
FCNN-3,0.05,1.0
GNN-4,0.05,1.0
Greedy,0.05,0.9897
SCITE,0.05,1.0
FCNN-3,0.05,0.8887
GNN-4,0.05,0.9359
Greedy,0.05,0.8887
SCITE,0.05,0.9793
FCNN-3,0.05,0.9977
GNN-4,0.05,0.9912
Greedy,0.05,0.8074
SCITE,0.05,0.9563
FCNN-3,0.05,0.9038
GNN-4,0.05,0.9718
Greedy,0.05,0.9449
SCITE,0.05,1.0
FCNN-3,0.05,1.0
GNN-4,0.05,1.0
Greedy,0.05,1.0
SCITE,0.05,1.0
FCNN-3,0.05,0.8846
GNN-4,0.05,1.0
Greedy,0.05,0.865
SCITE,0.05,1.0
FCNN-3,0.05,0.8167
GNN-4,0.05,0.8403
Greedy,0.05,0.7396
SCITE,0.05,1.0
FCNN-3,0.05,1.0
GNN-4,0.05,0.9127
Greedy,0.05,1.0
SCITE,0.05,1.0
FCNN-3,0.05,1.0
GNN-4,0.05,0.9069
Greedy,0.05,1.0
SCITE,0.05,1.0
FCNN-3,0.05,0.9955
GNN-4,0.05,1.0
Greedy,0.05,0.9178
SCITE,0.05,1.0
FCNN-3,0.05,1.0
GNN-4,0.05,1.0
Greedy,0.05,1.0
SCITE,0.05,1.0
FCNN-3,0.05,1.0
GNN-4,0.05,1.0
Greedy,0.05,1.0
SCITE,0.05,1.0
FCNN-3,0.05,1.0
GNN-4,0.05,1.0
Greedy,0.05,0.8716
SCITE,0.05,1.0
FCNN-3,0.05,0.9087
GNN-4,0.05,1.0
Greedy,0.05,0.8961
SCITE,0.05,1.0
FCNN-3,0.05,0.9006
GNN-4,0.05,0.979
Greedy,0.05,0.9805
SCITE,0.05,1.0
FCNN-3,0.05,0.8948
GNN-4,0.05,0.99
Greedy,0.05,0.8647
SCITE,0.05,1.0
FCNN-3,0.05,0.9791
GNN-4,0.05,0.9463
Greedy,0.05,0.9672
SCITE,0.05,1.0
FCNN-3,0.05,1.0
GNN-4,0.05,1.0
Greedy,0.05,0.8679
SCITE,0.05,1.0
FCNN-3,0.05,1.0
GNN-4,0.05,0.9271
Greedy,0.05,0.9867
SCITE,0.05,1.0
FCNN-3,0.05,0.9948
GNN-4,0.05,0.9403
Greedy,0.05,0.9948
SCITE,0.05,0.9955
FCNN-3,0.05,0.9257
GNN-4,0.05,0.9949
Greedy,0.05,0.9257
SCITE,0.05,0.9904
FCNN-3,0.05,0.9697
GNN-4,0.05,1.0
Greedy,0.05,0.9697
SCITE,0.05,1.0
FCNN-3,0.05,0.9314
GNN-4,0.05,1.0
Greedy,0.05,1.0
SCITE,0.05,1.0
FCNN-3,0.05,1.0
GNN-4,0.05,1.0
Greedy,0.05,1.0
SCITE,0.05,1.0
FCNN-3,0.05,1.0
GNN-4,0.05,0.9816
Greedy,0.05,0.9816
SCITE,0.05,1.0
FCNN-3,0.05,0.8333
GNN-4,0.05,1.0
Greedy,0.05,0.795
SCITE,0.05,1.0
FCNN-3,0.05,1.0
GNN-4,0.05,1.0
Greedy,0.05,1.0
SCITE,0.05,1.0
FCNN-3,0.05,1.0
GNN-4,0.05,1.0
Greedy,0.05,1.0
SCITE,0.05,1.0
FCNN-3,0.05,0.8017
GNN-4,0.05,0.9181
Greedy,0.05,0.7495
SCITE,0.05,0.99
FCNN-3,0.05,0.9503
GNN-4,0.05,1.0
Greedy,0.05,0.9503
SCITE,0.05,1.0
FCNN-3,0.05,0.8674
GNN-4,0.05,0.9779
Greedy,0.05,0.96
SCITE,0.05,1.0
FCNN-3,0.05,1.0
GNN-4,0.05,0.8996
Greedy,0.05,1.0
SCITE,0.05,1.0
FCNN-3,0.05,1.0
GNN-4,0.05,0.9664
Greedy,0.05,0.9603
SCITE,0.05,0.9635
FCNN-3,0.05,0.9004
GNN-4,0.05,0.989
Greedy,0.05,0.9004
SCITE,0.05,1.0
FCNN-3,0.05,0.9547
GNN-4,0.05,0.8764
Greedy,0.05,0.9547
SCITE,0.05,1.0
FCNN-3,0.05,1.0
GNN-4,0.05,1.0
Greedy,0.05,0.8947
SCITE,0.05,1.0
FCNN-3,0.05,0.9886
GNN-4,0.05,1.0
Greedy,0.05,0.9886
SCITE,0.05,1.0
FCNN-3,0.05,0.9623
GNN-4,0.05,1.0
Greedy,0.05,0.9522
SCITE,0.05,0.978
FCNN-3,0.05,0.8524
GNN-4,0.05,1.0
Greedy,0.05,0.8273
SCITE,0.05,1.0
FCNN-3,0.05,1.0
GNN-4,0.05,1.0
Greedy,0.05,0.8533
SCITE,0.05,1.0
FCNN-3,0.05,1.0
GNN-4,0.05,1.0
Greedy,0.05,0.8484
SCITE,0.05,1.0
FCNN-3,0.05,1.0
GNN-4,0.05,0.9118
Greedy,0.05,1.0
SCITE,0.05,1.0
FCNN-3,0.05,1.0
GNN-4,0.05,1.0
Greedy,0.05,0.9714
SCITE,0.05,1.0
FCNN-3,0.05,0.9672
GNN-4,0.05,0.8054
Greedy,0.05,0.9672
SCITE,0.05,1.0
FCNN-3,0.05,0.9012
GNN-4,0.05,1.0
Greedy,0.05,0.8162
SCITE,0.05,1.0
FCNN-3,0.05,0.9953
GNN-4,0.05,0.991
Greedy,0.05,0.8423
SCITE,0.05,1.0
FCNN-3,0.05,0.9543
GNN-4,0.05,1.0
Greedy,0.05,0.8295
SCITE,0.05,1.0
FCNN-3,0.05,1.0
GNN-4,0.05,1.0
Greedy,0.05,1.0
SCITE,0.05,1.0
FCNN-3,0.05,1.0
GNN-4,0.05,0.9949
Greedy,0.05,1.0
SCITE,0.05,1.0
FCNN-3,0.05,0.7863
GNN-4,0.05,0.9305
Greedy,0.05,0.7646
SCITE,0.05,1.0
FCNN-3,0.05,1.0
GNN-4,0.05,1.0
Greedy,0.05,1.0
SCITE,0.05,1.0
FCNN-3,0.05,1.0
GNN-4,0.05,1.0
Greedy,0.05,1.0
SCITE,0.05,1.0
FCNN-3,0.05,0.9768
GNN-4,0.05,0.9305
Greedy,0.05,0.9411
SCITE,0.05,1.0
FCNN-3,0.05,1.0
GNN-4,0.05,1.0
Greedy,0.05,1.0
SCITE,0.05,1.0
FCNN-3,0.05,1.0
GNN-4,0.05,1.0
Greedy,0.05,0.9859
SCITE,0.05,1.0
FCNN-3,0.05,0.8262
GNN-4,0.05,0.9363
Greedy,0.05,0.7872
SCITE,0.05,0.994
FCNN-3,0.05,0.9906
GNN-4,0.05,1.0
Greedy,0.05,0.8471
SCITE,0.05,1.0
FCNN-3,0.05,0.9163
GNN-4,0.05,0.8657
Greedy,0.05,0.7369
SCITE,0.05,1.0
FCNN-3,0.05,1.0
GNN-4,0.05,1.0
Greedy,0.05,1.0
SCITE,0.05,1.0
FCNN-3,0.05,0.8381
GNN-4,0.05,0.8841
Greedy,0.05,0.754
SCITE,0.05,0.9926
FCNN-3,0.05,0.9251
GNN-4,0.05,0.9762
Greedy,0.05,0.8503
SCITE,0.05,1.0
FCNN-3,0.05,0.953
GNN-4,0.05,1.0
Greedy,0.05,0.8359
SCITE,0.05,1.0
FCNN-3,0.05,1.0
GNN-4,0.05,0.9852
Greedy,0.05,1.0
SCITE,0.05,0.9428
FCNN-3,0.05,1.0
GNN-4,0.05,0.9504
Greedy,0.05,1.0
SCITE,0.05,0.9698
FCNN-3,0.05,1.0
GNN-4,0.05,1.0
Greedy,0.05,0.9569
SCITE,0.05,1.0
FCNN-3,0.05,0.9777
GNN-4,0.05,0.8721
Greedy,0.05,0.9777
SCITE,0.05,0.973
FCNN-3,0.05,1.0
GNN-4,0.05,1.0
Greedy,0.05,1.0
SCITE,0.05,1.0
FCNN-3,0.05,0.97
GNN-4,0.05,1.0
Greedy,0.05,0.97
SCITE,0.05,1.0
FCNN-3,0.05,0.9595
GNN-4,0.05,1.0
Greedy,0.05,0.9099
SCITE,0.05,1.0
FCNN-3,0.05,1.0
GNN-4,0.05,0.8966
Greedy,0.05,1.0
SCITE,0.05,1.0
FCNN-3,0.05,1.0
GNN-4,0.05,1.0
Greedy,0.05,1.0
SCITE,0.05,1.0
FCNN-3,0.05,0.9352
GNN-4,0.05,0.9352
Greedy,0.05,1.0
SCITE,0.05,1.0
FCNN-3,0.05,0.9923
GNN-4,0.05,0.9923
Greedy,0.05,0.9923
SCITE,0.05,1.0
FCNN-3,0.05,1.0
GNN-4,0.05,0.9719
Greedy,0.05,0.9437
SCITE,0.05,1.0
FCNN-3,0.05,1.0
GNN-4,0.05,1.0
Greedy,0.05,0.9524
SCITE,0.05,1.0
FCNN-3,0.05,1.0
GNN-4,0.05,0.9665
Greedy,0.05,1.0
SCITE,0.05,1.0
FCNN-3,0.05,0.9644
GNN-4,0.05,1.0
Greedy,0.05,0.9345
SCITE,0.05,1.0
FCNN-3,0.1,1.0
GNN-4,0.1,1.0
Greedy,0.1,0.9499
SCITE,0.1,1.0
FCNN-3,0.1,1.0
GNN-4,0.1,1.0
Greedy,0.1,0.9433
SCITE,0.1,1.0
FCNN-3,0.1,0.9622
GNN-4,0.1,0.8526
Greedy,0.1,0.9622
SCITE,0.1,0.9643
FCNN-3,0.1,1.0
GNN-4,0.1,0.9447
Greedy,0.1,1.0
SCITE,0.1,1.0
FCNN-3,0.1,0.9218
GNN-4,0.1,0.8023
Greedy,0.1,0.7432
SCITE,0.1,0.9297
FCNN-3,0.1,1.0
GNN-4,0.1,0.9873
Greedy,0.1,0.9779
SCITE,0.1,0.931
FCNN-3,0.1,1.0
GNN-4,0.1,0.9187
Greedy,0.1,1.0
SCITE,0.1,1.0
FCNN-3,0.1,1.0
GNN-4,0.1,1.0
Greedy,0.1,1.0
SCITE,0.1,1.0
FCNN-3,0.1,1.0
GNN-4,0.1,1.0
Greedy,0.1,1.0
SCITE,0.1,1.0
FCNN-3,0.1,0.9266
GNN-4,0.1,1.0
Greedy,0.1,0.9266
SCITE,0.1,1.0
FCNN-3,0.1,0.8971
GNN-4,0.1,0.9469
Greedy,0.1,0.8441
SCITE,0.1,1.0
FCNN-3,0.1,1.0
GNN-4,0.1,1.0
Greedy,0.1,1.0
SCITE,0.1,1.0
FCNN-3,0.1,0.9437
GNN-4,0.1,0.9933
Greedy,0.1,0.9437
SCITE,0.1,1.0
FCNN-3,0.1,1.0
GNN-4,0.1,1.0
Greedy,0.1,1.0
SCITE,0.1,1.0
FCNN-3,0.1,0.9542
GNN-4,0.1,1.0
Greedy,0.1,0.9542
SCITE,0.1,1.0
FCNN-3,0.1,0.8291
GNN-4,0.1,0.9665
Greedy,0.1,0.7529
SCITE,0.1,1.0
FCNN-3,0.1,1.0
GNN-4,0.1,1.0
Greedy,0.1,1.0
SCITE,0.1,1.0
FCNN-3,0.1,1.0
GNN-4,0.1,0.9813
Greedy,0.1,1.0
SCITE,0.1,1.0
FCNN-3,0.1,1.0
GNN-4,0.1,1.0
Greedy,0.1,0.9673
SCITE,0.1,1.0
FCNN-3,0.1,1.0
GNN-4,0.1,1.0
Greedy,0.1,1.0
SCITE,0.1,0.9916
FCNN-3,0.1,1.0
GNN-4,0.1,1.0
Greedy,0.1,1.0
SCITE,0.1,1.0
FCNN-3,0.1,0.876
GNN-4,0.1,0.9881
Greedy,0.1,0.8387
SCITE,0.1,0.9797
FCNN-3,0.1,1.0
GNN-4,0.1,0.9921
Greedy,0.1,0.9949
SCITE,0.1,0.9906
FCNN-3,0.1,1.0
GNN-4,0.1,1.0
Greedy,0.1,0.9722
SCITE,0.1,1.0
FCNN-3,0.1,0.8664
GNN-4,0.1,0.9417
Greedy,0.1,0.8664
SCITE,0.1,1.0
FCNN-3,0.1,1.0
GNN-4,0.1,1.0
Greedy,0.1,0.9134
SCITE,0.1,0.9855
FCNN-3,0.1,1.0
GNN-4,0.1,0.9909
Greedy,0.1,0.9098
SCITE,0.1,1.0
FCNN-3,0.1,1.0
GNN-4,0.1,1.0
Greedy,0.1,1.0
SCITE,0.1,1.0
FCNN-3,0.1,1.0
GNN-4,0.1,0.9888
Greedy,0.1,0.7788
SCITE,0.1,1.0
FCNN-3,0.1,0.8064
GNN-4,0.1,0.9007
Greedy,0.1,0.7231
SCITE,0.1,0.986
FCNN-3,0.1,1.0
GNN-4,0.1,0.8885
Greedy,0.1,1.0
SCITE,0.1,1.0
FCNN-3,0.1,1.0
GNN-4,0.1,0.9516
Greedy,0.1,1.0
SCITE,0.1,1.0
FCNN-3,0.1,0.9601
GNN-4,0.1,0.9836
Greedy,0.1,0.9342
SCITE,0.1,0.9824
FCNN-3,0.1,1.0
GNN-4,0.1,1.0
Greedy,0.1,1.0
SCITE,0.1,1.0
FCNN-3,0.1,1.0
GNN-4,0.1,1.0
Greedy,0.1,1.0
SCITE,0.1,1.0
FCNN-3,0.1,1.0
GNN-4,0.1,1.0
Greedy,0.1,0.9146
SCITE,0.1,0.9975
FCNN-3,0.1,0.8466
GNN-4,0.1,0.9079
Greedy,0.1,0.8247
SCITE,0.1,1.0
FCNN-3,0.1,0.8332
GNN-4,0.1,0.9742
Greedy,0.1,0.8751
SCITE,0.1,1.0
FCNN-3,0.1,1.0
GNN-4,0.1,1.0
Greedy,0.1,1.0
SCITE,0.1,1.0
FCNN-3,0.1,1.0
GNN-4,0.1,1.0
Greedy,0.1,1.0
SCITE,0.1,1.0
FCNN-3,0.1,1.0
GNN-4,0.1,1.0
Greedy,0.1,0.8652
SCITE,0.1,1.0
FCNN-3,0.1,0.9007
GNN-4,0.1,0.9007
Greedy,0.1,0.9007
SCITE,0.1,1.0
FCNN-3,0.1,1.0
GNN-4,0.1,0.9873
Greedy,0.1,1.0
SCITE,0.1,1.0
FCNN-3,0.1,0.8972
GNN-4,0.1,1.0
Greedy,0.1,0.8972
SCITE,0.1,1.0
FCNN-3,0.1,1.0
GNN-4,0.1,1.0
Greedy,0.1,1.0
SCITE,0.1,1.0
FCNN-3,0.1,0.9415
GNN-4,0.1,0.8723
Greedy,0.1,1.0
SCITE,0.1,1.0
FCNN-3,0.1,0.9271
GNN-4,0.1,1.0
Greedy,0.1,0.9271
SCITE,0.1,1.0
FCNN-3,0.1,1.0
GNN-4,0.1,0.8394
Greedy,0.1,0.9923
SCITE,0.1,1.0
FCNN-3,0.1,0.8905
GNN-4,0.1,0.9251
Greedy,0.1,0.7916
SCITE,0.1,1.0
FCNN-3,0.1,1.0
GNN-4,0.1,1.0
Greedy,0.1,1.0
SCITE,0.1,1.0
FCNN-3,0.1,1.0
GNN-4,0.1,0.9744
Greedy,0.1,1.0
SCITE,0.1,1.0
FCNN-3,0.1,0.9939
GNN-4,0.1,0.9939
Greedy,0.1,0.7684
SCITE,0.1,1.0
FCNN-3,0.1,0.9228
GNN-4,0.1,1.0
Greedy,0.1,0.9228
SCITE,0.1,1.0
FCNN-3,0.1,0.9509
GNN-4,0.1,0.967
Greedy,0.1,0.9509
SCITE,0.1,1.0
FCNN-3,0.1,1.0
GNN-4,0.1,1.0
Greedy,0.1,1.0
SCITE,0.1,1.0
FCNN-3,0.1,0.9954
GNN-4,0.1,0.9876
Greedy,0.1,0.9444
SCITE,0.1,1.0
FCNN-3,0.1,0.9908
GNN-4,0.1,0.9939
Greedy,0.1,0.8172
SCITE,0.1,1.0
FCNN-3,0.1,0.9926
GNN-4,0.1,0.8413
Greedy,0.1,0.9382
SCITE,0.1,0.9868
FCNN-3,0.1,0.9723
GNN-4,0.1,1.0
Greedy,0.1,0.8601
SCITE,0.1,1.0
FCNN-3,0.1,0.9888
GNN-4,0.1,0.9971
Greedy,0.1,0.9888
SCITE,0.1,1.0
FCNN-3,0.1,0.953
GNN-4,0.1,1.0
Greedy,0.1,0.953
SCITE,0.1,1.0
FCNN-3,0.1,1.0
GNN-4,0.1,1.0
Greedy,0.1,0.9245
SCITE,0.1,1.0
FCNN-3,0.1,1.0
GNN-4,0.1,1.0
Greedy,0.1,0.7767
SCITE,0.1,1.0
FCNN-3,0.1,1.0
GNN-4,0.1,1.0
Greedy,0.1,0.9025
SCITE,0.1,1.0
FCNN-3,0.1,0.9398
GNN-4,0.1,0.9685
Greedy,0.1,0.9922
SCITE,0.1,1.0
FCNN-3,0.1,0.9598
GNN-4,0.1,1.0
Greedy,0.1,0.9598
SCITE,0.1,1.0
FCNN-3,0.1,0.9537
GNN-4,0.1,0.867
Greedy,0.1,0.9626
SCITE,0.1,1.0
FCNN-3,0.1,0.7811
GNN-4,0.1,0.9926
Greedy,0.1,0.7811
SCITE,0.1,1.0
FCNN-3,0.1,1.0
GNN-4,0.1,1.0
Greedy,0.1,0.967
SCITE,0.1,1.0
FCNN-3,0.1,0.8902
GNN-4,0.1,1.0
Greedy,0.1,0.7453
SCITE,0.1,0.9902
FCNN-3,0.1,0.9635
GNN-4,0.1,1.0
Greedy,0.1,0.9635
SCITE,0.1,0.9802
FCNN-3,0.1,1.0
GNN-4,0.1,1.0
Greedy,0.1,1.0
SCITE,0.1,0.9957
FCNN-3,0.1,0.7738
GNN-4,0.1,0.9352
Greedy,0.1,0.8074
SCITE,0.1,1.0
FCNN-3,0.1,1.0
GNN-4,0.1,1.0
Greedy,0.1,1.0
SCITE,0.1,1.0
FCNN-3,0.1,1.0
GNN-4,0.1,1.0
Greedy,0.1,1.0
SCITE,0.1,1.0
FCNN-3,0.1,1.0
GNN-4,0.1,0.8742
Greedy,0.1,1.0
SCITE,0.1,1.0
FCNN-3,0.1,1.0
GNN-4,0.1,1.0
Greedy,0.1,1.0
SCITE,0.1,0.9829
FCNN-3,0.1,0.9689
GNN-4,0.1,1.0
Greedy,0.1,0.9689
SCITE,0.1,1.0
FCNN-3,0.1,0.8376
GNN-4,0.1,0.9027
Greedy,0.1,0.8225
SCITE,0.1,0.9941
FCNN-3,0.1,0.8118
GNN-4,0.1,0.9906
Greedy,0.1,0.8118
SCITE,0.1,1.0
FCNN-3,0.1,0.899
GNN-4,0.1,0.8657
Greedy,0.1,0.7285
SCITE,0.1,1.0
FCNN-3,0.1,1.0
GNN-4,0.1,1.0
Greedy,0.1,1.0
SCITE,0.1,1.0
FCNN-3,0.1,0.8544
GNN-4,0.1,1.0
Greedy,0.1,0.7674
SCITE,0.1,1.0
FCNN-3,0.1,0.9386
GNN-4,0.1,0.9899
Greedy,0.1,0.9249
SCITE,0.1,0.9603
FCNN-3,0.1,0.9378
GNN-4,0.1,0.9483
Greedy,0.1,0.8423
SCITE,0.1,1.0
FCNN-3,0.1,1.0
GNN-4,0.1,0.9958
Greedy,0.1,1.0
SCITE,0.1,1.0
FCNN-3,0.1,1.0
GNN-4,0.1,1.0
Greedy,0.1,1.0
SCITE,0.1,1.0
FCNN-3,0.1,1.0
GNN-4,0.1,1.0
Greedy,0.1,0.9465
SCITE,0.1,1.0
FCNN-3,0.1,1.0
GNN-4,0.1,1.0
Greedy,0.1,0.9788
SCITE,0.1,1.0
FCNN-3,0.1,1.0
GNN-4,0.1,0.9274
Greedy,0.1,1.0
SCITE,0.1,1.0
FCNN-3,0.1,0.9284
GNN-4,0.1,1.0
Greedy,0.1,0.886
SCITE,0.1,1.0
FCNN-3,0.1,0.9973
GNN-4,0.1,1.0
Greedy,0.1,0.9973
SCITE,0.1,1.0
FCNN-3,0.1,1.0
GNN-4,0.1,1.0
Greedy,0.1,1.0
SCITE,0.1,1.0
FCNN-3,0.1,0.979
GNN-4,0.1,1.0
Greedy,0.1,0.979
SCITE,0.1,1.0
FCNN-3,0.1,0.964
GNN-4,0.1,0.9609
Greedy,0.1,0.964
SCITE,0.1,1.0
FCNN-3,0.1,1.0
GNN-4,0.1,0.8678
Greedy,0.1,1.0
SCITE,0.1,1.0
FCNN-3,0.1,0.9784
GNN-4,0.1,0.9972
Greedy,0.1,0.9784
SCITE,0.1,1.0
FCNN-3,0.1,1.0
GNN-4,0.1,1.0
Greedy,0.1,0.9634
SCITE,0.1,1.0
FCNN-3,0.1,0.9669
GNN-4,0.1,0.9485
Greedy,0.1,0.9669
SCITE,0.1,1.0
FCNN-3,0.1,1.0
GNN-4,0.1,0.9716
Greedy,0.1,1.0
SCITE,0.1,1.0
FCNN-3,0.2,1.0
GNN-4,0.2,1.0
Greedy,0.2,0.9004
SCITE,0.2,1.0
FCNN-3,0.2,0.9888
GNN-4,0.2,0.9813
Greedy,0.2,0.8686
SCITE,0.2,1.0
FCNN-3,0.2,1.0
GNN-4,0.2,1.0
Greedy,0.2,1.0
SCITE,0.2,1.0
FCNN-3,0.2,0.8684
GNN-4,0.2,1.0
Greedy,0.2,1.0
SCITE,0.2,1.0
FCNN-3,0.2,0.9455
GNN-4,0.2,0.9299
Greedy,0.2,0.8836
SCITE,0.2,1.0
FCNN-3,0.2,1.0
GNN-4,0.2,0.8326
Greedy,0.2,1.0
SCITE,0.2,1.0
FCNN-3,0.2,1.0
GNN-4,0.2,1.0
Greedy,0.2,1.0
SCITE,0.2,1.0
FCNN-3,0.2,1.0
GNN-4,0.2,1.0
Greedy,0.2,1.0
SCITE,0.2,1.0
FCNN-3,0.2,1.0
GNN-4,0.2,1.0
Greedy,0.2,1.0
SCITE,0.2,0.9458
FCNN-3,0.2,1.0
GNN-4,0.2,1.0
Greedy,0.2,0.969
SCITE,0.2,0.9734
FCNN-3,0.2,1.0
GNN-4,0.2,0.9555
Greedy,0.2,0.8813
SCITE,0.2,1.0
FCNN-3,0.2,1.0
GNN-4,0.2,1.0
Greedy,0.2,0.9787
SCITE,0.2,1.0
FCNN-3,0.2,0.9319
GNN-4,0.2,0.8107
Greedy,0.2,0.9165
SCITE,0.2,1.0
FCNN-3,0.2,1.0
GNN-4,0.2,1.0
Greedy,0.2,1.0
SCITE,0.2,1.0
FCNN-3,0.2,0.944
GNN-4,0.2,0.8725
Greedy,0.2,0.944
SCITE,0.2,0.9702
FCNN-3,0.2,0.8472
GNN-4,0.2,1.0
Greedy,0.2,0.8106
SCITE,0.2,1.0
FCNN-3,0.2,1.0
GNN-4,0.2,1.0
Greedy,0.2,1.0
SCITE,0.2,1.0
FCNN-3,0.2,1.0
GNN-4,0.2,1.0
Greedy,0.2,1.0
SCITE,0.2,1.0
FCNN-3,0.2,0.9172
GNN-4,0.2,1.0
Greedy,0.2,0.9172
SCITE,0.2,1.0
FCNN-3,0.2,1.0
GNN-4,0.2,1.0
Greedy,0.2,1.0
SCITE,0.2,1.0
FCNN-3,0.2,1.0
GNN-4,0.2,0.9597
Greedy,0.2,1.0
SCITE,0.2,1.0
FCNN-3,0.2,0.8586
GNN-4,0.2,0.8079
Greedy,0.2,0.8513
SCITE,0.2,1.0
FCNN-3,0.2,0.9921
GNN-4,0.2,0.9815
Greedy,0.2,0.8568
SCITE,0.2,0.9909
FCNN-3,0.2,1.0
GNN-4,0.2,0.9733
Greedy,0.2,0.992
SCITE,0.2,1.0
FCNN-3,0.2,0.993
GNN-4,0.2,0.993
Greedy,0.2,0.993
SCITE,0.2,1.0
FCNN-3,0.2,1.0
GNN-4,0.2,1.0
Greedy,0.2,1.0
SCITE,0.2,0.941
FCNN-3,0.2,0.9196
GNN-4,0.2,1.0
Greedy,0.2,0.7908
SCITE,0.2,0.9917
FCNN-3,0.2,0.9909
GNN-4,0.2,1.0
Greedy,0.2,0.9909
SCITE,0.2,0.9479
FCNN-3,0.2,0.9896
GNN-4,0.2,0.9653
Greedy,0.2,0.8363
SCITE,0.2,1.0
FCNN-3,0.2,0.7823
GNN-4,0.2,0.8595
Greedy,0.2,0.728
SCITE,0.2,1.0
FCNN-3,0.2,1.0
GNN-4,0.2,1.0
Greedy,0.2,1.0
SCITE,0.2,0.9838
FCNN-3,0.2,1.0
GNN-4,0.2,0.9887
Greedy,0.2,1.0
SCITE,0.2,1.0
FCNN-3,0.2,1.0
GNN-4,0.2,0.864
Greedy,0.2,0.946
SCITE,0.2,0.9829
FCNN-3,0.2,1.0
GNN-4,0.2,1.0
Greedy,0.2,1.0
SCITE,0.2,1.0
FCNN-3,0.2,1.0
GNN-4,0.2,0.9856
Greedy,0.2,1.0
SCITE,0.2,1.0
FCNN-3,0.2,0.9146
GNN-4,0.2,0.9573
Greedy,0.2,0.8474
SCITE,0.2,0.9911
FCNN-3,0.2,0.7237
GNN-4,0.2,0.8563
Greedy,0.2,0.7472
SCITE,0.2,1.0
FCNN-3,0.2,1.0
GNN-4,0.2,0.9609
Greedy,0.2,0.9734
SCITE,0.2,0.974
FCNN-3,0.2,0.9141
GNN-4,0.2,1.0
Greedy,0.2,0.9141
SCITE,0.2,1.0
FCNN-3,0.2,1.0
GNN-4,0.2,0.947
Greedy,0.2,1.0
SCITE,0.2,1.0
FCNN-3,0.2,1.0
GNN-4,0.2,1.0
Greedy,0.2,1.0
SCITE,0.2,1.0
FCNN-3,0.2,1.0
GNN-4,0.2,0.8955
Greedy,0.2,0.9591
SCITE,0.2,1.0
FCNN-3,0.2,0.9782
GNN-4,0.2,0.9889
Greedy,0.2,0.953
SCITE,0.2,1.0
FCNN-3,0.2,1.0
GNN-4,0.2,1.0
Greedy,0.2,0.9964
SCITE,0.2,0.9953
FCNN-3,0.2,1.0
GNN-4,0.2,1.0
Greedy,0.2,1.0
SCITE,0.2,1.0
FCNN-3,0.2,0.894
GNN-4,0.2,0.9193
Greedy,0.2,0.894
SCITE,0.2,0.8981
FCNN-3,0.2,1.0
GNN-4,0.2,1.0
Greedy,0.2,1.0
SCITE,0.2,1.0
FCNN-3,0.2,1.0
GNN-4,0.2,0.7022
Greedy,0.2,1.0
SCITE,0.2,1.0
FCNN-3,0.2,0.8864
GNN-4,0.2,0.9872
Greedy,0.2,0.8864
SCITE,0.2,0.9978
FCNN-3,0.2,1.0
GNN-4,0.2,1.0
Greedy,0.2,1.0
SCITE,0.2,1.0
FCNN-3,0.2,1.0
GNN-4,0.2,1.0
Greedy,0.2,1.0
SCITE,0.2,1.0
FCNN-3,0.2,0.9748
GNN-4,0.2,0.923
Greedy,0.2,0.8408
SCITE,0.2,1.0
FCNN-3,0.2,0.9674
GNN-4,0.2,1.0
Greedy,0.2,0.9674
SCITE,0.2,1.0
FCNN-3,0.2,0.9669
GNN-4,0.2,1.0
Greedy,0.2,0.9669
SCITE,0.2,1.0
FCNN-3,0.2,1.0
GNN-4,0.2,1.0
Greedy,0.2,0.9693
SCITE,0.2,1.0
FCNN-3,0.2,0.9852
GNN-4,0.2,1.0
Greedy,0.2,0.9852
SCITE,0.2,0.9958
FCNN-3,0.2,1.0
GNN-4,0.2,0.9744
Greedy,0.2,0.814
SCITE,0.2,1.0
FCNN-3,0.2,1.0
GNN-4,0.2,0.9883
Greedy,0.2,0.9746
SCITE,0.2,0.9157
FCNN-3,0.2,1.0
GNN-4,0.2,1.0
Greedy,0.2,0.9653
SCITE,0.2,1.0
FCNN-3,0.2,1.0
GNN-4,0.2,1.0
Greedy,0.2,1.0
SCITE,0.2,1.0
FCNN-3,0.2,1.0
GNN-4,0.2,1.0
Greedy,0.2,1.0
SCITE,0.2,1.0
FCNN-3,0.2,0.8435
GNN-4,0.2,1.0
Greedy,0.2,0.8104
SCITE,0.2,1.0
FCNN-3,0.2,0.9736
GNN-4,0.2,0.8756
Greedy,0.2,0.9369
SCITE,0.2,1.0
FCNN-3,0.2,1.0
GNN-4,0.2,1.0
Greedy,0.2,1.0
SCITE,0.2,1.0
FCNN-3,0.2,1.0
GNN-4,0.2,1.0
Greedy,0.2,1.0
SCITE,0.2,1.0
FCNN-3,0.2,0.9784
GNN-4,0.2,1.0
Greedy,0.2,0.9465
SCITE,0.2,1.0
FCNN-3,0.2,0.8561
GNN-4,0.2,0.7949
Greedy,0.2,0.8561
SCITE,0.2,1.0
FCNN-3,0.2,0.9807
GNN-4,0.2,1.0
Greedy,0.2,0.9601
SCITE,0.2,1.0
FCNN-3,0.2,0.9179
GNN-4,0.2,0.754
Greedy,0.2,0.8647
SCITE,0.2,1.0
FCNN-3,0.2,0.7771
GNN-4,0.2,1.0
Greedy,0.2,0.7187
SCITE,0.2,1.0
FCNN-3,0.2,1.0
GNN-4,0.2,0.9374
Greedy,0.2,1.0
SCITE,0.2,1.0
FCNN-3,0.2,1.0
GNN-4,0.2,1.0
Greedy,0.2,1.0
SCITE,0.2,1.0
FCNN-3,0.2,0.836
GNN-4,0.2,0.9798
Greedy,0.2,0.836
SCITE,0.2,1.0
FCNN-3,0.2,1.0
GNN-4,0.2,1.0
Greedy,0.2,1.0
SCITE,0.2,1.0
FCNN-3,0.2,1.0
GNN-4,0.2,1.0
Greedy,0.2,0.9941
SCITE,0.2,1.0
FCNN-3,0.2,1.0
GNN-4,0.2,1.0
Greedy,0.2,1.0
SCITE,0.2,1.0
FCNN-3,0.2,1.0
GNN-4,0.2,1.0
Greedy,0.2,1.0
SCITE,0.2,1.0
FCNN-3,0.2,1.0
GNN-4,0.2,1.0
Greedy,0.2,0.9825
SCITE,0.2,1.0
FCNN-3,0.2,0.892
GNN-4,0.2,0.9243
Greedy,0.2,0.8542
SCITE,0.2,1.0
FCNN-3,0.2,0.9713
GNN-4,0.2,0.8062
Greedy,0.2,0.8874
SCITE,0.2,0.9692
FCNN-3,0.2,0.957
GNN-4,0.2,0.9093
Greedy,0.2,0.7204
SCITE,0.2,1.0
FCNN-3,0.2,1.0
GNN-4,0.2,0.9772
Greedy,0.2,1.0
SCITE,0.2,0.9228
FCNN-3,0.2,0.91
GNN-4,0.2,0.91
Greedy,0.2,0.8092
SCITE,0.2,1.0
FCNN-3,0.2,0.9029
GNN-4,0.2,0.9094
Greedy,0.2,0.8341
SCITE,0.2,0.9795
FCNN-3,0.2,0.88
GNN-4,0.2,1.0
Greedy,0.2,0.88
SCITE,0.2,1.0
FCNN-3,0.2,1.0
GNN-4,0.2,1.0
Greedy,0.2,1.0
SCITE,0.2,0.9886
FCNN-3,0.2,1.0
GNN-4,0.2,1.0
Greedy,0.2,1.0
SCITE,0.2,1.0
FCNN-3,0.2,1.0
GNN-4,0.2,1.0
Greedy,0.2,1.0
SCITE,0.2,1.0
FCNN-3,0.2,0.9601
GNN-4,0.2,0.8904
Greedy,0.2,1.0
SCITE,0.2,1.0
FCNN-3,0.2,1.0
GNN-4,0.2,1.0
Greedy,0.2,1.0
SCITE,0.2,0.9868
FCNN-3,0.2,0.9838
GNN-4,0.2,1.0
Greedy,0.2,0.9475
SCITE,0.2,1.0
FCNN-3,0.2,0.9971
GNN-4,0.2,1.0
Greedy,0.2,0.9971
SCITE,0.2,0.9786
FCNN-3,0.2,1.0
GNN-4,0.2,1.0
Greedy,0.2,1.0
SCITE,0.2,1.0
FCNN-3,0.2,1.0
GNN-4,0.2,1.0
Greedy,0.2,0.9643
SCITE,0.2,0.9575
FCNN-3,0.2,1.0
GNN-4,0.2,1.0
Greedy,0.2,1.0
SCITE,0.2,1.0
FCNN-3,0.2,1.0
GNN-4,0.2,1.0
Greedy,0.2,1.0
SCITE,0.2,1.0
FCNN-3,0.2,1.0
GNN-4,0.2,0.9935
Greedy,0.2,1.0
SCITE,0.2,1.0
FCNN-3,0.2,1.0
GNN-4,0.2,1.0
Greedy,0.2,0.9245
SCITE,0.2,1.0
FCNN-3,0.2,0.9842
GNN-4,0.2,1.0
Greedy,0.2,1.0
SCITE,0.2,1.0
FCNN-3,0.2,0.9399
GNN-4,0.2,1.0
Greedy,0.2,0.9339
SCITE,0.2,0.9586
